-- MariaDB dump 10.18  Distrib 10.5.7-MariaDB, for debian-linux-gnu (x86_64)
--
-- Host: localhost    Database: symfony
-- ------------------------------------------------------
-- Server version	10.5.7-MariaDB-1:10.5.7+maria~focal

/*!40101 SET @OLD_CHARACTER_SET_CLIENT=@@CHARACTER_SET_CLIENT */;
/*!40101 SET @OLD_CHARACTER_SET_RESULTS=@@CHARACTER_SET_RESULTS */;
/*!40101 SET @OLD_COLLATION_CONNECTION=@@COLLATION_CONNECTION */;
/*!40101 SET NAMES utf8mb4 */;
/*!40103 SET @OLD_TIME_ZONE=@@TIME_ZONE */;
/*!40103 SET TIME_ZONE='+00:00' */;
/*!40014 SET @OLD_UNIQUE_CHECKS=@@UNIQUE_CHECKS, UNIQUE_CHECKS=0 */;
/*!40014 SET @OLD_FOREIGN_KEY_CHECKS=@@FOREIGN_KEY_CHECKS, FOREIGN_KEY_CHECKS=0 */;
/*!40101 SET @OLD_SQL_MODE=@@SQL_MODE, SQL_MODE='NO_AUTO_VALUE_ON_ZERO' */;
/*!40111 SET @OLD_SQL_NOTES=@@SQL_NOTES, SQL_NOTES=0 */;

--
-- Table structure for table `ca_categories`
--

DROP TABLE IF EXISTS `ca_categories`;
/*!40101 SET @saved_cs_client     = @@character_set_client */;
/*!40101 SET character_set_client = utf8 */;
CREATE TABLE `ca_categories` (
  `id` int(11) NOT NULL AUTO_INCREMENT,
  `category_key` varchar(191) COLLATE utf8mb4_unicode_ci DEFAULT NULL,
  `default_locale` varchar(5) COLLATE utf8mb4_unicode_ci NOT NULL,
  `lft` int(11) NOT NULL,
  `rgt` int(11) NOT NULL,
  `depth` int(11) NOT NULL,
  `created` datetime NOT NULL,
  `changed` datetime NOT NULL,
  `idCategoriesParent` int(11) DEFAULT NULL,
  `idUsersCreator` int(11) DEFAULT NULL,
  `idUsersChanger` int(11) DEFAULT NULL,
  PRIMARY KEY (`id`),
  UNIQUE KEY `UNIQ_3D85D789AF5206F3` (`category_key`),
  KEY `IDX_3D85D78937A3C3B1` (`idCategoriesParent`),
  KEY `IDX_3D85D789DBF11E1D` (`idUsersCreator`),
  KEY `IDX_3D85D78930D07CD5` (`idUsersChanger`),
  CONSTRAINT `FK_3D85D78930D07CD5` FOREIGN KEY (`idUsersChanger`) REFERENCES `se_users` (`id`) ON DELETE SET NULL,
  CONSTRAINT `FK_3D85D78937A3C3B1` FOREIGN KEY (`idCategoriesParent`) REFERENCES `ca_categories` (`id`) ON DELETE CASCADE,
  CONSTRAINT `FK_3D85D789DBF11E1D` FOREIGN KEY (`idUsersCreator`) REFERENCES `se_users` (`id`) ON DELETE SET NULL
) ENGINE=InnoDB DEFAULT CHARSET=utf8mb4 COLLATE=utf8mb4_unicode_ci;
/*!40101 SET character_set_client = @saved_cs_client */;

--
-- Dumping data for table `ca_categories`
--

LOCK TABLES `ca_categories` WRITE;
/*!40000 ALTER TABLE `ca_categories` DISABLE KEYS */;
/*!40000 ALTER TABLE `ca_categories` ENABLE KEYS */;
UNLOCK TABLES;

--
-- Table structure for table `ca_category_meta`
--

DROP TABLE IF EXISTS `ca_category_meta`;
/*!40101 SET @saved_cs_client     = @@character_set_client */;
/*!40101 SET character_set_client = utf8 */;
CREATE TABLE `ca_category_meta` (
  `id` int(11) NOT NULL AUTO_INCREMENT,
  `meta_key` varchar(45) COLLATE utf8mb4_unicode_ci NOT NULL,
  `value` varchar(255) COLLATE utf8mb4_unicode_ci NOT NULL,
  `locale` varchar(5) COLLATE utf8mb4_unicode_ci DEFAULT NULL,
  `idCategories` int(11) NOT NULL,
  PRIMARY KEY (`id`),
  KEY `IDX_2575BBB0B8075882` (`idCategories`),
  CONSTRAINT `FK_2575BBB0B8075882` FOREIGN KEY (`idCategories`) REFERENCES `ca_categories` (`id`) ON DELETE CASCADE
) ENGINE=InnoDB DEFAULT CHARSET=utf8mb4 COLLATE=utf8mb4_unicode_ci;
/*!40101 SET character_set_client = @saved_cs_client */;

--
-- Dumping data for table `ca_category_meta`
--

LOCK TABLES `ca_category_meta` WRITE;
/*!40000 ALTER TABLE `ca_category_meta` DISABLE KEYS */;
/*!40000 ALTER TABLE `ca_category_meta` ENABLE KEYS */;
UNLOCK TABLES;

--
-- Table structure for table `ca_category_translation_keywords`
--

DROP TABLE IF EXISTS `ca_category_translation_keywords`;
/*!40101 SET @saved_cs_client     = @@character_set_client */;
/*!40101 SET character_set_client = utf8 */;
CREATE TABLE `ca_category_translation_keywords` (
  `idKeywords` int(11) NOT NULL,
  `idCategoryTranslations` int(11) NOT NULL,
  PRIMARY KEY (`idKeywords`,`idCategoryTranslations`),
  KEY `IDX_D15FBE37F9FC9F05` (`idKeywords`),
  KEY `IDX_D15FBE3717CA14DA` (`idCategoryTranslations`),
  CONSTRAINT `FK_D15FBE3717CA14DA` FOREIGN KEY (`idCategoryTranslations`) REFERENCES `ca_category_translations` (`id`),
  CONSTRAINT `FK_D15FBE37F9FC9F05` FOREIGN KEY (`idKeywords`) REFERENCES `ca_keywords` (`id`)
) ENGINE=InnoDB DEFAULT CHARSET=utf8mb4 COLLATE=utf8mb4_unicode_ci;
/*!40101 SET character_set_client = @saved_cs_client */;

--
-- Dumping data for table `ca_category_translation_keywords`
--

LOCK TABLES `ca_category_translation_keywords` WRITE;
/*!40000 ALTER TABLE `ca_category_translation_keywords` DISABLE KEYS */;
/*!40000 ALTER TABLE `ca_category_translation_keywords` ENABLE KEYS */;
UNLOCK TABLES;

--
-- Table structure for table `ca_category_translation_medias`
--

DROP TABLE IF EXISTS `ca_category_translation_medias`;
/*!40101 SET @saved_cs_client     = @@character_set_client */;
/*!40101 SET character_set_client = utf8 */;
CREATE TABLE `ca_category_translation_medias` (
  `id` int(11) NOT NULL AUTO_INCREMENT,
  `position` int(11) NOT NULL DEFAULT 0,
  `idCategoryTranslations` int(11) NOT NULL,
  `idMedia` int(11) NOT NULL,
  PRIMARY KEY (`id`),
  KEY `IDX_39FC41BA17CA14DA` (`idCategoryTranslations`),
  KEY `IDX_39FC41BA7DE8E211` (`idMedia`),
  CONSTRAINT `FK_39FC41BA17CA14DA` FOREIGN KEY (`idCategoryTranslations`) REFERENCES `ca_category_translations` (`id`) ON DELETE CASCADE,
  CONSTRAINT `FK_39FC41BA7DE8E211` FOREIGN KEY (`idMedia`) REFERENCES `me_media` (`id`) ON DELETE CASCADE
) ENGINE=InnoDB DEFAULT CHARSET=utf8mb4 COLLATE=utf8mb4_unicode_ci;
/*!40101 SET character_set_client = @saved_cs_client */;

--
-- Dumping data for table `ca_category_translation_medias`
--

LOCK TABLES `ca_category_translation_medias` WRITE;
/*!40000 ALTER TABLE `ca_category_translation_medias` DISABLE KEYS */;
/*!40000 ALTER TABLE `ca_category_translation_medias` ENABLE KEYS */;
UNLOCK TABLES;

--
-- Table structure for table `ca_category_translations`
--

DROP TABLE IF EXISTS `ca_category_translations`;
/*!40101 SET @saved_cs_client     = @@character_set_client */;
/*!40101 SET character_set_client = utf8 */;
CREATE TABLE `ca_category_translations` (
  `id` int(11) NOT NULL AUTO_INCREMENT,
  `translation` varchar(255) COLLATE utf8mb4_unicode_ci NOT NULL,
  `locale` varchar(5) COLLATE utf8mb4_unicode_ci NOT NULL,
  `description` longtext COLLATE utf8mb4_unicode_ci DEFAULT NULL,
  `created` datetime NOT NULL,
  `changed` datetime NOT NULL,
  `idCategories` int(11) NOT NULL,
  `idUsersCreator` int(11) DEFAULT NULL,
  `idUsersChanger` int(11) DEFAULT NULL,
  PRIMARY KEY (`id`),
  KEY `IDX_5DCED5E3B8075882` (`idCategories`),
  KEY `IDX_5DCED5E3DBF11E1D` (`idUsersCreator`),
  KEY `IDX_5DCED5E330D07CD5` (`idUsersChanger`),
  CONSTRAINT `FK_5DCED5E330D07CD5` FOREIGN KEY (`idUsersChanger`) REFERENCES `se_users` (`id`) ON DELETE SET NULL,
  CONSTRAINT `FK_5DCED5E3B8075882` FOREIGN KEY (`idCategories`) REFERENCES `ca_categories` (`id`) ON DELETE CASCADE,
  CONSTRAINT `FK_5DCED5E3DBF11E1D` FOREIGN KEY (`idUsersCreator`) REFERENCES `se_users` (`id`) ON DELETE SET NULL
) ENGINE=InnoDB DEFAULT CHARSET=utf8mb4 COLLATE=utf8mb4_unicode_ci;
/*!40101 SET character_set_client = @saved_cs_client */;

--
-- Dumping data for table `ca_category_translations`
--

LOCK TABLES `ca_category_translations` WRITE;
/*!40000 ALTER TABLE `ca_category_translations` DISABLE KEYS */;
/*!40000 ALTER TABLE `ca_category_translations` ENABLE KEYS */;
UNLOCK TABLES;

--
-- Table structure for table `ca_keywords`
--

DROP TABLE IF EXISTS `ca_keywords`;
/*!40101 SET @saved_cs_client     = @@character_set_client */;
/*!40101 SET character_set_client = utf8 */;
CREATE TABLE `ca_keywords` (
  `id` int(11) NOT NULL AUTO_INCREMENT,
  `locale` varchar(5) COLLATE utf8mb4_unicode_ci NOT NULL,
  `keyword` varchar(191) COLLATE utf8mb4_unicode_ci NOT NULL,
  `created` datetime NOT NULL,
  `changed` datetime NOT NULL,
  `idUsersCreator` int(11) DEFAULT NULL,
  `idUsersChanger` int(11) DEFAULT NULL,
  PRIMARY KEY (`id`),
  UNIQUE KEY `unique_idx` (`keyword`,`locale`),
  KEY `IDX_FE02CA0BDBF11E1D` (`idUsersCreator`),
  KEY `IDX_FE02CA0B30D07CD5` (`idUsersChanger`),
  KEY `IDX_FE02CA0B5A93713B` (`keyword`),
  CONSTRAINT `FK_FE02CA0B30D07CD5` FOREIGN KEY (`idUsersChanger`) REFERENCES `se_users` (`id`) ON DELETE SET NULL,
  CONSTRAINT `FK_FE02CA0BDBF11E1D` FOREIGN KEY (`idUsersCreator`) REFERENCES `se_users` (`id`) ON DELETE SET NULL
) ENGINE=InnoDB DEFAULT CHARSET=utf8mb4 COLLATE=utf8mb4_unicode_ci;
/*!40101 SET character_set_client = @saved_cs_client */;

--
-- Dumping data for table `ca_keywords`
--

LOCK TABLES `ca_keywords` WRITE;
/*!40000 ALTER TABLE `ca_keywords` DISABLE KEYS */;
/*!40000 ALTER TABLE `ca_keywords` ENABLE KEYS */;
UNLOCK TABLES;

--
-- Table structure for table `co_account_addresses`
--

DROP TABLE IF EXISTS `co_account_addresses`;
/*!40101 SET @saved_cs_client     = @@character_set_client */;
/*!40101 SET character_set_client = utf8 */;
CREATE TABLE `co_account_addresses` (
  `id` int(11) NOT NULL AUTO_INCREMENT,
  `main` tinyint(1) NOT NULL,
  `idAddresses` int(11) NOT NULL,
  `idAccounts` int(11) NOT NULL,
  PRIMARY KEY (`id`),
  UNIQUE KEY `UNIQ_4165FE4893205E40996BB4F7` (`idAddresses`,`idAccounts`),
  KEY `IDX_4165FE4893205E40` (`idAddresses`),
  KEY `IDX_4165FE48996BB4F7` (`idAccounts`),
  CONSTRAINT `FK_4165FE4893205E40` FOREIGN KEY (`idAddresses`) REFERENCES `co_addresses` (`id`) ON DELETE CASCADE,
  CONSTRAINT `FK_4165FE48996BB4F7` FOREIGN KEY (`idAccounts`) REFERENCES `co_accounts` (`id`) ON DELETE CASCADE
) ENGINE=InnoDB DEFAULT CHARSET=utf8mb4 COLLATE=utf8mb4_unicode_ci;
/*!40101 SET character_set_client = @saved_cs_client */;

--
-- Dumping data for table `co_account_addresses`
--

LOCK TABLES `co_account_addresses` WRITE;
/*!40000 ALTER TABLE `co_account_addresses` DISABLE KEYS */;
/*!40000 ALTER TABLE `co_account_addresses` ENABLE KEYS */;
UNLOCK TABLES;

--
-- Table structure for table `co_account_bank_accounts`
--

DROP TABLE IF EXISTS `co_account_bank_accounts`;
/*!40101 SET @saved_cs_client     = @@character_set_client */;
/*!40101 SET character_set_client = utf8 */;
CREATE TABLE `co_account_bank_accounts` (
  `idAccounts` int(11) NOT NULL,
  `idBankAccounts` int(11) NOT NULL,
  PRIMARY KEY (`idAccounts`,`idBankAccounts`),
  KEY `IDX_C873A532996BB4F7` (`idAccounts`),
  KEY `IDX_C873A53237FCD1D8` (`idBankAccounts`),
  CONSTRAINT `FK_C873A53237FCD1D8` FOREIGN KEY (`idBankAccounts`) REFERENCES `co_bank_account` (`id`),
  CONSTRAINT `FK_C873A532996BB4F7` FOREIGN KEY (`idAccounts`) REFERENCES `co_accounts` (`id`)
) ENGINE=InnoDB DEFAULT CHARSET=utf8mb4 COLLATE=utf8mb4_unicode_ci;
/*!40101 SET character_set_client = @saved_cs_client */;

--
-- Dumping data for table `co_account_bank_accounts`
--

LOCK TABLES `co_account_bank_accounts` WRITE;
/*!40000 ALTER TABLE `co_account_bank_accounts` DISABLE KEYS */;
/*!40000 ALTER TABLE `co_account_bank_accounts` ENABLE KEYS */;
UNLOCK TABLES;

--
-- Table structure for table `co_account_categories`
--

DROP TABLE IF EXISTS `co_account_categories`;
/*!40101 SET @saved_cs_client     = @@character_set_client */;
/*!40101 SET character_set_client = utf8 */;
CREATE TABLE `co_account_categories` (
  `idAccounts` int(11) NOT NULL,
  `idCategories` int(11) NOT NULL,
  PRIMARY KEY (`idAccounts`,`idCategories`),
  KEY `IDX_B60E9510996BB4F7` (`idAccounts`),
  KEY `IDX_B60E9510B8075882` (`idCategories`),
  CONSTRAINT `FK_B60E9510996BB4F7` FOREIGN KEY (`idAccounts`) REFERENCES `co_accounts` (`id`) ON DELETE CASCADE,
  CONSTRAINT `FK_B60E9510B8075882` FOREIGN KEY (`idCategories`) REFERENCES `ca_categories` (`id`) ON DELETE CASCADE
) ENGINE=InnoDB DEFAULT CHARSET=utf8mb4 COLLATE=utf8mb4_unicode_ci;
/*!40101 SET character_set_client = @saved_cs_client */;

--
-- Dumping data for table `co_account_categories`
--

LOCK TABLES `co_account_categories` WRITE;
/*!40000 ALTER TABLE `co_account_categories` DISABLE KEYS */;
/*!40000 ALTER TABLE `co_account_categories` ENABLE KEYS */;
UNLOCK TABLES;

--
-- Table structure for table `co_account_contacts`
--

DROP TABLE IF EXISTS `co_account_contacts`;
/*!40101 SET @saved_cs_client     = @@character_set_client */;
/*!40101 SET character_set_client = utf8 */;
CREATE TABLE `co_account_contacts` (
  `id` int(11) NOT NULL AUTO_INCREMENT,
  `main` tinyint(1) NOT NULL,
  `idPositions` int(11) DEFAULT NULL,
  `idContacts` int(11) NOT NULL,
  `idAccounts` int(11) NOT NULL,
  PRIMARY KEY (`id`),
  UNIQUE KEY `UNIQ_28C6CA0E60E33F28996BB4F7` (`idContacts`,`idAccounts`),
  KEY `IDX_28C6CA0E2A75CE2A` (`idPositions`),
  KEY `IDX_28C6CA0E60E33F28` (`idContacts`),
  KEY `IDX_28C6CA0E996BB4F7` (`idAccounts`),
  CONSTRAINT `FK_28C6CA0E2A75CE2A` FOREIGN KEY (`idPositions`) REFERENCES `co_positions` (`id`) ON DELETE SET NULL,
  CONSTRAINT `FK_28C6CA0E60E33F28` FOREIGN KEY (`idContacts`) REFERENCES `co_contacts` (`id`) ON DELETE CASCADE,
  CONSTRAINT `FK_28C6CA0E996BB4F7` FOREIGN KEY (`idAccounts`) REFERENCES `co_accounts` (`id`) ON DELETE CASCADE
) ENGINE=InnoDB DEFAULT CHARSET=utf8mb4 COLLATE=utf8mb4_unicode_ci;
/*!40101 SET character_set_client = @saved_cs_client */;

--
-- Dumping data for table `co_account_contacts`
--

LOCK TABLES `co_account_contacts` WRITE;
/*!40000 ALTER TABLE `co_account_contacts` DISABLE KEYS */;
/*!40000 ALTER TABLE `co_account_contacts` ENABLE KEYS */;
UNLOCK TABLES;

--
-- Table structure for table `co_account_emails`
--

DROP TABLE IF EXISTS `co_account_emails`;
/*!40101 SET @saved_cs_client     = @@character_set_client */;
/*!40101 SET character_set_client = utf8 */;
CREATE TABLE `co_account_emails` (
  `idAccounts` int(11) NOT NULL,
  `idEmails` int(11) NOT NULL,
  PRIMARY KEY (`idAccounts`,`idEmails`),
  KEY `IDX_3E246FC3996BB4F7` (`idAccounts`),
  KEY `IDX_3E246FC32F9040C8` (`idEmails`),
  CONSTRAINT `FK_3E246FC32F9040C8` FOREIGN KEY (`idEmails`) REFERENCES `co_emails` (`id`),
  CONSTRAINT `FK_3E246FC3996BB4F7` FOREIGN KEY (`idAccounts`) REFERENCES `co_accounts` (`id`)
) ENGINE=InnoDB DEFAULT CHARSET=utf8mb4 COLLATE=utf8mb4_unicode_ci;
/*!40101 SET character_set_client = @saved_cs_client */;

--
-- Dumping data for table `co_account_emails`
--

LOCK TABLES `co_account_emails` WRITE;
/*!40000 ALTER TABLE `co_account_emails` DISABLE KEYS */;
/*!40000 ALTER TABLE `co_account_emails` ENABLE KEYS */;
UNLOCK TABLES;

--
-- Table structure for table `co_account_faxes`
--

DROP TABLE IF EXISTS `co_account_faxes`;
/*!40101 SET @saved_cs_client     = @@character_set_client */;
/*!40101 SET character_set_client = utf8 */;
CREATE TABLE `co_account_faxes` (
  `idAccounts` int(11) NOT NULL,
  `idFaxes` int(11) NOT NULL,
  PRIMARY KEY (`idAccounts`,`idFaxes`),
  KEY `IDX_7A4E77DC996BB4F7` (`idAccounts`),
  KEY `IDX_7A4E77DCCF6A2007` (`idFaxes`),
  CONSTRAINT `FK_7A4E77DC996BB4F7` FOREIGN KEY (`idAccounts`) REFERENCES `co_accounts` (`id`),
  CONSTRAINT `FK_7A4E77DCCF6A2007` FOREIGN KEY (`idFaxes`) REFERENCES `co_faxes` (`id`)
) ENGINE=InnoDB DEFAULT CHARSET=utf8mb4 COLLATE=utf8mb4_unicode_ci;
/*!40101 SET character_set_client = @saved_cs_client */;

--
-- Dumping data for table `co_account_faxes`
--

LOCK TABLES `co_account_faxes` WRITE;
/*!40000 ALTER TABLE `co_account_faxes` DISABLE KEYS */;
/*!40000 ALTER TABLE `co_account_faxes` ENABLE KEYS */;
UNLOCK TABLES;

--
-- Table structure for table `co_account_medias`
--

DROP TABLE IF EXISTS `co_account_medias`;
/*!40101 SET @saved_cs_client     = @@character_set_client */;
/*!40101 SET character_set_client = utf8 */;
CREATE TABLE `co_account_medias` (
  `idAccounts` int(11) NOT NULL,
  `idMedias` int(11) NOT NULL,
  PRIMARY KEY (`idAccounts`,`idMedias`),
  KEY `IDX_60772810996BB4F7` (`idAccounts`),
  KEY `IDX_6077281071C3071B` (`idMedias`),
  CONSTRAINT `FK_6077281071C3071B` FOREIGN KEY (`idMedias`) REFERENCES `me_media` (`id`) ON DELETE CASCADE,
  CONSTRAINT `FK_60772810996BB4F7` FOREIGN KEY (`idAccounts`) REFERENCES `co_accounts` (`id`) ON DELETE CASCADE
) ENGINE=InnoDB DEFAULT CHARSET=utf8mb4 COLLATE=utf8mb4_unicode_ci;
/*!40101 SET character_set_client = @saved_cs_client */;

--
-- Dumping data for table `co_account_medias`
--

LOCK TABLES `co_account_medias` WRITE;
/*!40000 ALTER TABLE `co_account_medias` DISABLE KEYS */;
/*!40000 ALTER TABLE `co_account_medias` ENABLE KEYS */;
UNLOCK TABLES;

--
-- Table structure for table `co_account_notes`
--

DROP TABLE IF EXISTS `co_account_notes`;
/*!40101 SET @saved_cs_client     = @@character_set_client */;
/*!40101 SET character_set_client = utf8 */;
CREATE TABLE `co_account_notes` (
  `idAccounts` int(11) NOT NULL,
  `idNotes` int(11) NOT NULL,
  PRIMARY KEY (`idAccounts`,`idNotes`),
  KEY `IDX_A3FBB24A996BB4F7` (`idAccounts`),
  KEY `IDX_A3FBB24A16DFE591` (`idNotes`),
  CONSTRAINT `FK_A3FBB24A16DFE591` FOREIGN KEY (`idNotes`) REFERENCES `co_notes` (`id`),
  CONSTRAINT `FK_A3FBB24A996BB4F7` FOREIGN KEY (`idAccounts`) REFERENCES `co_accounts` (`id`)
) ENGINE=InnoDB DEFAULT CHARSET=utf8mb4 COLLATE=utf8mb4_unicode_ci;
/*!40101 SET character_set_client = @saved_cs_client */;

--
-- Dumping data for table `co_account_notes`
--

LOCK TABLES `co_account_notes` WRITE;
/*!40000 ALTER TABLE `co_account_notes` DISABLE KEYS */;
/*!40000 ALTER TABLE `co_account_notes` ENABLE KEYS */;
UNLOCK TABLES;

--
-- Table structure for table `co_account_phones`
--

DROP TABLE IF EXISTS `co_account_phones`;
/*!40101 SET @saved_cs_client     = @@character_set_client */;
/*!40101 SET character_set_client = utf8 */;
CREATE TABLE `co_account_phones` (
  `idAccounts` int(11) NOT NULL,
  `idPhones` int(11) NOT NULL,
  PRIMARY KEY (`idAccounts`,`idPhones`),
  KEY `IDX_918DA964996BB4F7` (`idAccounts`),
  KEY `IDX_918DA9648039866F` (`idPhones`),
  CONSTRAINT `FK_918DA9648039866F` FOREIGN KEY (`idPhones`) REFERENCES `co_phones` (`id`),
  CONSTRAINT `FK_918DA964996BB4F7` FOREIGN KEY (`idAccounts`) REFERENCES `co_accounts` (`id`)
) ENGINE=InnoDB DEFAULT CHARSET=utf8mb4 COLLATE=utf8mb4_unicode_ci;
/*!40101 SET character_set_client = @saved_cs_client */;

--
-- Dumping data for table `co_account_phones`
--

LOCK TABLES `co_account_phones` WRITE;
/*!40000 ALTER TABLE `co_account_phones` DISABLE KEYS */;
/*!40000 ALTER TABLE `co_account_phones` ENABLE KEYS */;
UNLOCK TABLES;

--
-- Table structure for table `co_account_social_media_profiles`
--

DROP TABLE IF EXISTS `co_account_social_media_profiles`;
/*!40101 SET @saved_cs_client     = @@character_set_client */;
/*!40101 SET character_set_client = utf8 */;
CREATE TABLE `co_account_social_media_profiles` (
  `idAccounts` int(11) NOT NULL,
  `idSocialMediaProfiles` int(11) NOT NULL,
  PRIMARY KEY (`idAccounts`,`idSocialMediaProfiles`),
  KEY `IDX_E06F75F5996BB4F7` (`idAccounts`),
  KEY `IDX_E06F75F5573F8344` (`idSocialMediaProfiles`),
  CONSTRAINT `FK_E06F75F5573F8344` FOREIGN KEY (`idSocialMediaProfiles`) REFERENCES `co_social_media_profiles` (`id`),
  CONSTRAINT `FK_E06F75F5996BB4F7` FOREIGN KEY (`idAccounts`) REFERENCES `co_accounts` (`id`)
) ENGINE=InnoDB DEFAULT CHARSET=utf8mb4 COLLATE=utf8mb4_unicode_ci;
/*!40101 SET character_set_client = @saved_cs_client */;

--
-- Dumping data for table `co_account_social_media_profiles`
--

LOCK TABLES `co_account_social_media_profiles` WRITE;
/*!40000 ALTER TABLE `co_account_social_media_profiles` DISABLE KEYS */;
/*!40000 ALTER TABLE `co_account_social_media_profiles` ENABLE KEYS */;
UNLOCK TABLES;

--
-- Table structure for table `co_account_tags`
--

DROP TABLE IF EXISTS `co_account_tags`;
/*!40101 SET @saved_cs_client     = @@character_set_client */;
/*!40101 SET character_set_client = utf8 */;
CREATE TABLE `co_account_tags` (
  `idAccounts` int(11) NOT NULL,
  `idTags` int(11) NOT NULL,
  PRIMARY KEY (`idAccounts`,`idTags`),
  KEY `IDX_E8D92005996BB4F7` (`idAccounts`),
  KEY `IDX_E8D920051C41CAB8` (`idTags`),
  CONSTRAINT `FK_E8D920051C41CAB8` FOREIGN KEY (`idTags`) REFERENCES `ta_tags` (`id`),
  CONSTRAINT `FK_E8D92005996BB4F7` FOREIGN KEY (`idAccounts`) REFERENCES `co_accounts` (`id`)
) ENGINE=InnoDB DEFAULT CHARSET=utf8mb4 COLLATE=utf8mb4_unicode_ci;
/*!40101 SET character_set_client = @saved_cs_client */;

--
-- Dumping data for table `co_account_tags`
--

LOCK TABLES `co_account_tags` WRITE;
/*!40000 ALTER TABLE `co_account_tags` DISABLE KEYS */;
/*!40000 ALTER TABLE `co_account_tags` ENABLE KEYS */;
UNLOCK TABLES;

--
-- Table structure for table `co_account_urls`
--

DROP TABLE IF EXISTS `co_account_urls`;
/*!40101 SET @saved_cs_client     = @@character_set_client */;
/*!40101 SET character_set_client = utf8 */;
CREATE TABLE `co_account_urls` (
  `idAccounts` int(11) NOT NULL,
  `idUrls` int(11) NOT NULL,
  PRIMARY KEY (`idAccounts`,`idUrls`),
  KEY `IDX_ADF18382996BB4F7` (`idAccounts`),
  KEY `IDX_ADF183825969693F` (`idUrls`),
  CONSTRAINT `FK_ADF183825969693F` FOREIGN KEY (`idUrls`) REFERENCES `co_urls` (`id`),
  CONSTRAINT `FK_ADF18382996BB4F7` FOREIGN KEY (`idAccounts`) REFERENCES `co_accounts` (`id`)
) ENGINE=InnoDB DEFAULT CHARSET=utf8mb4 COLLATE=utf8mb4_unicode_ci;
/*!40101 SET character_set_client = @saved_cs_client */;

--
-- Dumping data for table `co_account_urls`
--

LOCK TABLES `co_account_urls` WRITE;
/*!40000 ALTER TABLE `co_account_urls` DISABLE KEYS */;
/*!40000 ALTER TABLE `co_account_urls` ENABLE KEYS */;
UNLOCK TABLES;

--
-- Table structure for table `co_accounts`
--

DROP TABLE IF EXISTS `co_accounts`;
/*!40101 SET @saved_cs_client     = @@character_set_client */;
/*!40101 SET character_set_client = utf8 */;
CREATE TABLE `co_accounts` (
  `id` int(11) NOT NULL AUTO_INCREMENT,
  `logo` int(11) DEFAULT NULL,
  `lft` int(11) NOT NULL,
  `rgt` int(11) NOT NULL,
  `depth` int(11) NOT NULL,
  `name` varchar(150) COLLATE utf8mb4_unicode_ci NOT NULL,
  `externalId` varchar(255) COLLATE utf8mb4_unicode_ci DEFAULT NULL,
  `number` varchar(255) COLLATE utf8mb4_unicode_ci DEFAULT NULL,
  `corporation` varchar(255) COLLATE utf8mb4_unicode_ci DEFAULT NULL,
  `note` longtext COLLATE utf8mb4_unicode_ci DEFAULT NULL,
  `uid` varchar(50) COLLATE utf8mb4_unicode_ci DEFAULT NULL,
  `registerNumber` varchar(255) COLLATE utf8mb4_unicode_ci DEFAULT NULL,
  `placeOfJurisdiction` varchar(255) COLLATE utf8mb4_unicode_ci DEFAULT NULL,
  `mainEmail` varchar(255) COLLATE utf8mb4_unicode_ci DEFAULT NULL,
  `mainPhone` varchar(255) COLLATE utf8mb4_unicode_ci DEFAULT NULL,
  `mainFax` varchar(255) COLLATE utf8mb4_unicode_ci DEFAULT NULL,
  `mainUrl` varchar(255) COLLATE utf8mb4_unicode_ci DEFAULT NULL,
  `created` datetime NOT NULL,
  `changed` datetime NOT NULL,
  `idContactsMain` int(11) DEFAULT NULL,
  `idAccountsParent` int(11) DEFAULT NULL,
  `idUsersCreator` int(11) DEFAULT NULL,
  `idUsersChanger` int(11) DEFAULT NULL,
  PRIMARY KEY (`id`),
  KEY `IDX_805CD14A6D4A8651` (`idContactsMain`),
  KEY `IDX_805CD14AC9171171` (`idAccountsParent`),
  KEY `IDX_805CD14AE48E9A13` (`logo`),
  KEY `IDX_805CD14ADBF11E1D` (`idUsersCreator`),
  KEY `IDX_805CD14A30D07CD5` (`idUsersChanger`),
  KEY `IDX_805CD14A5E237E06` (`name`),
  CONSTRAINT `FK_805CD14A30D07CD5` FOREIGN KEY (`idUsersChanger`) REFERENCES `se_users` (`id`) ON DELETE SET NULL,
  CONSTRAINT `FK_805CD14A6D4A8651` FOREIGN KEY (`idContactsMain`) REFERENCES `co_contacts` (`id`) ON DELETE SET NULL,
  CONSTRAINT `FK_805CD14AC9171171` FOREIGN KEY (`idAccountsParent`) REFERENCES `co_accounts` (`id`),
  CONSTRAINT `FK_805CD14ADBF11E1D` FOREIGN KEY (`idUsersCreator`) REFERENCES `se_users` (`id`) ON DELETE SET NULL,
  CONSTRAINT `FK_805CD14AE48E9A13` FOREIGN KEY (`logo`) REFERENCES `me_media` (`id`) ON DELETE SET NULL
) ENGINE=InnoDB DEFAULT CHARSET=utf8mb4 COLLATE=utf8mb4_unicode_ci;
/*!40101 SET character_set_client = @saved_cs_client */;

--
-- Dumping data for table `co_accounts`
--

LOCK TABLES `co_accounts` WRITE;
/*!40000 ALTER TABLE `co_accounts` DISABLE KEYS */;
/*!40000 ALTER TABLE `co_accounts` ENABLE KEYS */;
UNLOCK TABLES;

--
-- Table structure for table `co_address_types`
--

DROP TABLE IF EXISTS `co_address_types`;
/*!40101 SET @saved_cs_client     = @@character_set_client */;
/*!40101 SET character_set_client = utf8 */;
CREATE TABLE `co_address_types` (
  `id` int(11) NOT NULL AUTO_INCREMENT,
  `name` varchar(60) COLLATE utf8mb4_unicode_ci NOT NULL,
  PRIMARY KEY (`id`)
) ENGINE=InnoDB AUTO_INCREMENT=3 DEFAULT CHARSET=utf8mb4 COLLATE=utf8mb4_unicode_ci;
/*!40101 SET character_set_client = @saved_cs_client */;

--
-- Dumping data for table `co_address_types`
--

LOCK TABLES `co_address_types` WRITE;
/*!40000 ALTER TABLE `co_address_types` DISABLE KEYS */;
INSERT INTO `co_address_types` VALUES (1,'sulu_contact.work'),(2,'sulu_contact.private');
/*!40000 ALTER TABLE `co_address_types` ENABLE KEYS */;
UNLOCK TABLES;

--
-- Table structure for table `co_addresses`
--

DROP TABLE IF EXISTS `co_addresses`;
/*!40101 SET @saved_cs_client     = @@character_set_client */;
/*!40101 SET character_set_client = utf8 */;
CREATE TABLE `co_addresses` (
  `id` int(11) NOT NULL AUTO_INCREMENT,
  `title` varchar(250) COLLATE utf8mb4_unicode_ci DEFAULT NULL,
  `primaryAddress` tinyint(1) DEFAULT NULL,
  `deliveryAddress` tinyint(1) DEFAULT NULL,
  `billingAddress` tinyint(1) DEFAULT NULL,
  `street` varchar(150) COLLATE utf8mb4_unicode_ci DEFAULT NULL,
  `number` varchar(60) COLLATE utf8mb4_unicode_ci DEFAULT NULL,
  `addition` varchar(60) COLLATE utf8mb4_unicode_ci DEFAULT NULL,
  `zip` varchar(60) COLLATE utf8mb4_unicode_ci DEFAULT NULL,
  `city` varchar(60) COLLATE utf8mb4_unicode_ci DEFAULT NULL,
  `state` varchar(60) COLLATE utf8mb4_unicode_ci DEFAULT NULL,
  `countryCode` varchar(5) COLLATE utf8mb4_unicode_ci DEFAULT NULL,
  `postboxNumber` varchar(100) COLLATE utf8mb4_unicode_ci DEFAULT NULL,
  `postboxPostcode` varchar(100) COLLATE utf8mb4_unicode_ci DEFAULT NULL,
  `postboxCity` varchar(100) COLLATE utf8mb4_unicode_ci DEFAULT NULL,
  `latitude` double DEFAULT NULL,
  `longitude` double DEFAULT NULL,
  `note` longtext COLLATE utf8mb4_unicode_ci DEFAULT NULL,
  `idAdressTypes` int(11) NOT NULL,
  PRIMARY KEY (`id`),
  KEY `IDX_26E9A6142A37021A` (`idAdressTypes`),
  CONSTRAINT `FK_26E9A6142A37021A` FOREIGN KEY (`idAdressTypes`) REFERENCES `co_address_types` (`id`)
) ENGINE=InnoDB DEFAULT CHARSET=utf8mb4 COLLATE=utf8mb4_unicode_ci;
/*!40101 SET character_set_client = @saved_cs_client */;

--
-- Dumping data for table `co_addresses`
--

LOCK TABLES `co_addresses` WRITE;
/*!40000 ALTER TABLE `co_addresses` DISABLE KEYS */;
/*!40000 ALTER TABLE `co_addresses` ENABLE KEYS */;
UNLOCK TABLES;

--
-- Table structure for table `co_bank_account`
--

DROP TABLE IF EXISTS `co_bank_account`;
/*!40101 SET @saved_cs_client     = @@character_set_client */;
/*!40101 SET character_set_client = utf8 */;
CREATE TABLE `co_bank_account` (
  `id` int(11) NOT NULL AUTO_INCREMENT,
  `bankName` varchar(150) COLLATE utf8mb4_unicode_ci DEFAULT NULL,
  `bic` varchar(100) COLLATE utf8mb4_unicode_ci DEFAULT NULL,
  `iban` varchar(100) COLLATE utf8mb4_unicode_ci NOT NULL,
  `public` tinyint(1) NOT NULL,
  PRIMARY KEY (`id`)
) ENGINE=InnoDB DEFAULT CHARSET=utf8mb4 COLLATE=utf8mb4_unicode_ci;
/*!40101 SET character_set_client = @saved_cs_client */;

--
-- Dumping data for table `co_bank_account`
--

LOCK TABLES `co_bank_account` WRITE;
/*!40000 ALTER TABLE `co_bank_account` DISABLE KEYS */;
/*!40000 ALTER TABLE `co_bank_account` ENABLE KEYS */;
UNLOCK TABLES;

--
-- Table structure for table `co_contact_addresses`
--

DROP TABLE IF EXISTS `co_contact_addresses`;
/*!40101 SET @saved_cs_client     = @@character_set_client */;
/*!40101 SET character_set_client = utf8 */;
CREATE TABLE `co_contact_addresses` (
  `id` int(11) NOT NULL AUTO_INCREMENT,
  `main` tinyint(1) NOT NULL,
  `idAddresses` int(11) NOT NULL,
  `idContacts` int(11) NOT NULL,
  PRIMARY KEY (`id`),
  UNIQUE KEY `UNIQ_DEE056893205E4060E33F28` (`idAddresses`,`idContacts`),
  KEY `IDX_DEE056893205E40` (`idAddresses`),
  KEY `IDX_DEE056860E33F28` (`idContacts`),
  CONSTRAINT `FK_DEE056860E33F28` FOREIGN KEY (`idContacts`) REFERENCES `co_contacts` (`id`) ON DELETE CASCADE,
  CONSTRAINT `FK_DEE056893205E40` FOREIGN KEY (`idAddresses`) REFERENCES `co_addresses` (`id`) ON DELETE CASCADE
) ENGINE=InnoDB DEFAULT CHARSET=utf8mb4 COLLATE=utf8mb4_unicode_ci;
/*!40101 SET character_set_client = @saved_cs_client */;

--
-- Dumping data for table `co_contact_addresses`
--

LOCK TABLES `co_contact_addresses` WRITE;
/*!40000 ALTER TABLE `co_contact_addresses` DISABLE KEYS */;
/*!40000 ALTER TABLE `co_contact_addresses` ENABLE KEYS */;
UNLOCK TABLES;

--
-- Table structure for table `co_contact_bank_accounts`
--

DROP TABLE IF EXISTS `co_contact_bank_accounts`;
/*!40101 SET @saved_cs_client     = @@character_set_client */;
/*!40101 SET character_set_client = utf8 */;
CREATE TABLE `co_contact_bank_accounts` (
  `idContacts` int(11) NOT NULL,
  `idBankAccounts` int(11) NOT NULL,
  PRIMARY KEY (`idContacts`,`idBankAccounts`),
  KEY `IDX_76CDDA0660E33F28` (`idContacts`),
  KEY `IDX_76CDDA0637FCD1D8` (`idBankAccounts`),
  CONSTRAINT `FK_76CDDA0637FCD1D8` FOREIGN KEY (`idBankAccounts`) REFERENCES `co_bank_account` (`id`),
  CONSTRAINT `FK_76CDDA0660E33F28` FOREIGN KEY (`idContacts`) REFERENCES `co_contacts` (`id`)
) ENGINE=InnoDB DEFAULT CHARSET=utf8mb4 COLLATE=utf8mb4_unicode_ci;
/*!40101 SET character_set_client = @saved_cs_client */;

--
-- Dumping data for table `co_contact_bank_accounts`
--

LOCK TABLES `co_contact_bank_accounts` WRITE;
/*!40000 ALTER TABLE `co_contact_bank_accounts` DISABLE KEYS */;
/*!40000 ALTER TABLE `co_contact_bank_accounts` ENABLE KEYS */;
UNLOCK TABLES;

--
-- Table structure for table `co_contact_categories`
--

DROP TABLE IF EXISTS `co_contact_categories`;
/*!40101 SET @saved_cs_client     = @@character_set_client */;
/*!40101 SET character_set_client = utf8 */;
CREATE TABLE `co_contact_categories` (
  `idContacts` int(11) NOT NULL,
  `idCategories` int(11) NOT NULL,
  PRIMARY KEY (`idContacts`,`idCategories`),
  KEY `IDX_8D2C3E2360E33F28` (`idContacts`),
  KEY `IDX_8D2C3E23B8075882` (`idCategories`),
  CONSTRAINT `FK_8D2C3E2360E33F28` FOREIGN KEY (`idContacts`) REFERENCES `co_contacts` (`id`) ON DELETE CASCADE,
  CONSTRAINT `FK_8D2C3E23B8075882` FOREIGN KEY (`idCategories`) REFERENCES `ca_categories` (`id`) ON DELETE CASCADE
) ENGINE=InnoDB DEFAULT CHARSET=utf8mb4 COLLATE=utf8mb4_unicode_ci;
/*!40101 SET character_set_client = @saved_cs_client */;

--
-- Dumping data for table `co_contact_categories`
--

LOCK TABLES `co_contact_categories` WRITE;
/*!40000 ALTER TABLE `co_contact_categories` DISABLE KEYS */;
/*!40000 ALTER TABLE `co_contact_categories` ENABLE KEYS */;
UNLOCK TABLES;

--
-- Table structure for table `co_contact_emails`
--

DROP TABLE IF EXISTS `co_contact_emails`;
/*!40101 SET @saved_cs_client     = @@character_set_client */;
/*!40101 SET character_set_client = utf8 */;
CREATE TABLE `co_contact_emails` (
  `idContacts` int(11) NOT NULL,
  `idEmails` int(11) NOT NULL,
  PRIMARY KEY (`idContacts`,`idEmails`),
  KEY `IDX_8982963160E33F28` (`idContacts`),
  KEY `IDX_898296312F9040C8` (`idEmails`),
  CONSTRAINT `FK_898296312F9040C8` FOREIGN KEY (`idEmails`) REFERENCES `co_emails` (`id`),
  CONSTRAINT `FK_8982963160E33F28` FOREIGN KEY (`idContacts`) REFERENCES `co_contacts` (`id`)
) ENGINE=InnoDB DEFAULT CHARSET=utf8mb4 COLLATE=utf8mb4_unicode_ci;
/*!40101 SET character_set_client = @saved_cs_client */;

--
-- Dumping data for table `co_contact_emails`
--

LOCK TABLES `co_contact_emails` WRITE;
/*!40000 ALTER TABLE `co_contact_emails` DISABLE KEYS */;
/*!40000 ALTER TABLE `co_contact_emails` ENABLE KEYS */;
UNLOCK TABLES;

--
-- Table structure for table `co_contact_faxes`
--

DROP TABLE IF EXISTS `co_contact_faxes`;
/*!40101 SET @saved_cs_client     = @@character_set_client */;
/*!40101 SET character_set_client = utf8 */;
CREATE TABLE `co_contact_faxes` (
  `idContacts` int(11) NOT NULL,
  `idFaxes` int(11) NOT NULL,
  PRIMARY KEY (`idContacts`,`idFaxes`),
  KEY `IDX_61EBBEA260E33F28` (`idContacts`),
  KEY `IDX_61EBBEA2CF6A2007` (`idFaxes`),
  CONSTRAINT `FK_61EBBEA260E33F28` FOREIGN KEY (`idContacts`) REFERENCES `co_contacts` (`id`),
  CONSTRAINT `FK_61EBBEA2CF6A2007` FOREIGN KEY (`idFaxes`) REFERENCES `co_faxes` (`id`)
) ENGINE=InnoDB DEFAULT CHARSET=utf8mb4 COLLATE=utf8mb4_unicode_ci;
/*!40101 SET character_set_client = @saved_cs_client */;

--
-- Dumping data for table `co_contact_faxes`
--

LOCK TABLES `co_contact_faxes` WRITE;
/*!40000 ALTER TABLE `co_contact_faxes` DISABLE KEYS */;
/*!40000 ALTER TABLE `co_contact_faxes` ENABLE KEYS */;
UNLOCK TABLES;

--
-- Table structure for table `co_contact_locales`
--

DROP TABLE IF EXISTS `co_contact_locales`;
/*!40101 SET @saved_cs_client     = @@character_set_client */;
/*!40101 SET character_set_client = utf8 */;
CREATE TABLE `co_contact_locales` (
  `id` int(11) NOT NULL AUTO_INCREMENT,
  `locale` varchar(60) COLLATE utf8mb4_unicode_ci NOT NULL,
  `idContacts` int(11) NOT NULL,
  PRIMARY KEY (`id`),
  KEY `IDX_31E5672760E33F28` (`idContacts`),
  CONSTRAINT `FK_31E5672760E33F28` FOREIGN KEY (`idContacts`) REFERENCES `co_contacts` (`id`)
) ENGINE=InnoDB DEFAULT CHARSET=utf8mb4 COLLATE=utf8mb4_unicode_ci;
/*!40101 SET character_set_client = @saved_cs_client */;

--
-- Dumping data for table `co_contact_locales`
--

LOCK TABLES `co_contact_locales` WRITE;
/*!40000 ALTER TABLE `co_contact_locales` DISABLE KEYS */;
/*!40000 ALTER TABLE `co_contact_locales` ENABLE KEYS */;
UNLOCK TABLES;

--
-- Table structure for table `co_contact_medias`
--

DROP TABLE IF EXISTS `co_contact_medias`;
/*!40101 SET @saved_cs_client     = @@character_set_client */;
/*!40101 SET character_set_client = utf8 */;
CREATE TABLE `co_contact_medias` (
  `idContacts` int(11) NOT NULL,
  `idMedias` int(11) NOT NULL,
  PRIMARY KEY (`idContacts`,`idMedias`),
  KEY `IDX_D7D1D1E260E33F28` (`idContacts`),
  KEY `IDX_D7D1D1E271C3071B` (`idMedias`),
  CONSTRAINT `FK_D7D1D1E260E33F28` FOREIGN KEY (`idContacts`) REFERENCES `co_contacts` (`id`) ON DELETE CASCADE,
  CONSTRAINT `FK_D7D1D1E271C3071B` FOREIGN KEY (`idMedias`) REFERENCES `me_media` (`id`) ON DELETE CASCADE
) ENGINE=InnoDB DEFAULT CHARSET=utf8mb4 COLLATE=utf8mb4_unicode_ci;
/*!40101 SET character_set_client = @saved_cs_client */;

--
-- Dumping data for table `co_contact_medias`
--

LOCK TABLES `co_contact_medias` WRITE;
/*!40000 ALTER TABLE `co_contact_medias` DISABLE KEYS */;
/*!40000 ALTER TABLE `co_contact_medias` ENABLE KEYS */;
UNLOCK TABLES;

--
-- Table structure for table `co_contact_notes`
--

DROP TABLE IF EXISTS `co_contact_notes`;
/*!40101 SET @saved_cs_client     = @@character_set_client */;
/*!40101 SET character_set_client = utf8 */;
CREATE TABLE `co_contact_notes` (
  `idContacts` int(11) NOT NULL,
  `idNotes` int(11) NOT NULL,
  PRIMARY KEY (`idContacts`,`idNotes`),
  KEY `IDX_B85E7B3460E33F28` (`idContacts`),
  KEY `IDX_B85E7B3416DFE591` (`idNotes`),
  CONSTRAINT `FK_B85E7B3416DFE591` FOREIGN KEY (`idNotes`) REFERENCES `co_notes` (`id`),
  CONSTRAINT `FK_B85E7B3460E33F28` FOREIGN KEY (`idContacts`) REFERENCES `co_contacts` (`id`)
) ENGINE=InnoDB DEFAULT CHARSET=utf8mb4 COLLATE=utf8mb4_unicode_ci;
/*!40101 SET character_set_client = @saved_cs_client */;

--
-- Dumping data for table `co_contact_notes`
--

LOCK TABLES `co_contact_notes` WRITE;
/*!40000 ALTER TABLE `co_contact_notes` DISABLE KEYS */;
/*!40000 ALTER TABLE `co_contact_notes` ENABLE KEYS */;
UNLOCK TABLES;

--
-- Table structure for table `co_contact_phones`
--

DROP TABLE IF EXISTS `co_contact_phones`;
/*!40101 SET @saved_cs_client     = @@character_set_client */;
/*!40101 SET character_set_client = utf8 */;
CREATE TABLE `co_contact_phones` (
  `idContacts` int(11) NOT NULL,
  `idPhones` int(11) NOT NULL,
  PRIMARY KEY (`idContacts`,`idPhones`),
  KEY `IDX_262B509660E33F28` (`idContacts`),
  KEY `IDX_262B50968039866F` (`idPhones`),
  CONSTRAINT `FK_262B509660E33F28` FOREIGN KEY (`idContacts`) REFERENCES `co_contacts` (`id`),
  CONSTRAINT `FK_262B50968039866F` FOREIGN KEY (`idPhones`) REFERENCES `co_phones` (`id`)
) ENGINE=InnoDB DEFAULT CHARSET=utf8mb4 COLLATE=utf8mb4_unicode_ci;
/*!40101 SET character_set_client = @saved_cs_client */;

--
-- Dumping data for table `co_contact_phones`
--

LOCK TABLES `co_contact_phones` WRITE;
/*!40000 ALTER TABLE `co_contact_phones` DISABLE KEYS */;
/*!40000 ALTER TABLE `co_contact_phones` ENABLE KEYS */;
UNLOCK TABLES;

--
-- Table structure for table `co_contact_social_media_profiles`
--

DROP TABLE IF EXISTS `co_contact_social_media_profiles`;
/*!40101 SET @saved_cs_client     = @@character_set_client */;
/*!40101 SET character_set_client = utf8 */;
CREATE TABLE `co_contact_social_media_profiles` (
  `idContacts` int(11) NOT NULL,
  `idSocialMediaProfiles` int(11) NOT NULL,
  PRIMARY KEY (`idContacts`,`idSocialMediaProfiles`),
  KEY `IDX_74FF4CC060E33F28` (`idContacts`),
  KEY `IDX_74FF4CC0573F8344` (`idSocialMediaProfiles`),
  CONSTRAINT `FK_74FF4CC0573F8344` FOREIGN KEY (`idSocialMediaProfiles`) REFERENCES `co_social_media_profiles` (`id`),
  CONSTRAINT `FK_74FF4CC060E33F28` FOREIGN KEY (`idContacts`) REFERENCES `co_contacts` (`id`)
) ENGINE=InnoDB DEFAULT CHARSET=utf8mb4 COLLATE=utf8mb4_unicode_ci;
/*!40101 SET character_set_client = @saved_cs_client */;

--
-- Dumping data for table `co_contact_social_media_profiles`
--

LOCK TABLES `co_contact_social_media_profiles` WRITE;
/*!40000 ALTER TABLE `co_contact_social_media_profiles` DISABLE KEYS */;
/*!40000 ALTER TABLE `co_contact_social_media_profiles` ENABLE KEYS */;
UNLOCK TABLES;

--
-- Table structure for table `co_contact_tags`
--

DROP TABLE IF EXISTS `co_contact_tags`;
/*!40101 SET @saved_cs_client     = @@character_set_client */;
/*!40101 SET character_set_client = utf8 */;
CREATE TABLE `co_contact_tags` (
  `idContacts` int(11) NOT NULL,
  `idTags` int(11) NOT NULL,
  PRIMARY KEY (`idContacts`,`idTags`),
  KEY `IDX_4CB5255060E33F28` (`idContacts`),
  KEY `IDX_4CB525501C41CAB8` (`idTags`),
  CONSTRAINT `FK_4CB525501C41CAB8` FOREIGN KEY (`idTags`) REFERENCES `ta_tags` (`id`),
  CONSTRAINT `FK_4CB5255060E33F28` FOREIGN KEY (`idContacts`) REFERENCES `co_contacts` (`id`)
) ENGINE=InnoDB DEFAULT CHARSET=utf8mb4 COLLATE=utf8mb4_unicode_ci;
/*!40101 SET character_set_client = @saved_cs_client */;

--
-- Dumping data for table `co_contact_tags`
--

LOCK TABLES `co_contact_tags` WRITE;
/*!40000 ALTER TABLE `co_contact_tags` DISABLE KEYS */;
/*!40000 ALTER TABLE `co_contact_tags` ENABLE KEYS */;
UNLOCK TABLES;

--
-- Table structure for table `co_contact_titles`
--

DROP TABLE IF EXISTS `co_contact_titles`;
/*!40101 SET @saved_cs_client     = @@character_set_client */;
/*!40101 SET character_set_client = utf8 */;
CREATE TABLE `co_contact_titles` (
  `id` int(11) NOT NULL AUTO_INCREMENT,
  `title` varchar(60) COLLATE utf8mb4_unicode_ci NOT NULL,
  PRIMARY KEY (`id`),
  UNIQUE KEY `UNIQ_4463FC02B36786B` (`title`)
) ENGINE=InnoDB DEFAULT CHARSET=utf8mb4 COLLATE=utf8mb4_unicode_ci;
/*!40101 SET character_set_client = @saved_cs_client */;

--
-- Dumping data for table `co_contact_titles`
--

LOCK TABLES `co_contact_titles` WRITE;
/*!40000 ALTER TABLE `co_contact_titles` DISABLE KEYS */;
/*!40000 ALTER TABLE `co_contact_titles` ENABLE KEYS */;
UNLOCK TABLES;

--
-- Table structure for table `co_contact_urls`
--

DROP TABLE IF EXISTS `co_contact_urls`;
/*!40101 SET @saved_cs_client     = @@character_set_client */;
/*!40101 SET character_set_client = utf8 */;
CREATE TABLE `co_contact_urls` (
  `idContacts` int(11) NOT NULL,
  `idUrls` int(11) NOT NULL,
  PRIMARY KEY (`idContacts`,`idUrls`),
  KEY `IDX_99D86D760E33F28` (`idContacts`),
  KEY `IDX_99D86D75969693F` (`idUrls`),
  CONSTRAINT `FK_99D86D75969693F` FOREIGN KEY (`idUrls`) REFERENCES `co_urls` (`id`),
  CONSTRAINT `FK_99D86D760E33F28` FOREIGN KEY (`idContacts`) REFERENCES `co_contacts` (`id`)
) ENGINE=InnoDB DEFAULT CHARSET=utf8mb4 COLLATE=utf8mb4_unicode_ci;
/*!40101 SET character_set_client = @saved_cs_client */;

--
-- Dumping data for table `co_contact_urls`
--

LOCK TABLES `co_contact_urls` WRITE;
/*!40000 ALTER TABLE `co_contact_urls` DISABLE KEYS */;
/*!40000 ALTER TABLE `co_contact_urls` ENABLE KEYS */;
UNLOCK TABLES;

--
-- Table structure for table `co_contacts`
--

DROP TABLE IF EXISTS `co_contacts`;
/*!40101 SET @saved_cs_client     = @@character_set_client */;
/*!40101 SET character_set_client = utf8 */;
CREATE TABLE `co_contacts` (
  `id` int(11) NOT NULL AUTO_INCREMENT,
  `avatar` int(11) DEFAULT NULL,
  `firstName` varchar(60) COLLATE utf8mb4_unicode_ci NOT NULL,
  `middleName` varchar(60) COLLATE utf8mb4_unicode_ci DEFAULT NULL,
  `lastName` varchar(60) COLLATE utf8mb4_unicode_ci NOT NULL,
  `birthday` date DEFAULT NULL,
  `salutation` varchar(255) COLLATE utf8mb4_unicode_ci DEFAULT NULL,
  `formOfAddress` int(11) DEFAULT NULL,
  `newsletter` tinyint(1) DEFAULT NULL,
  `gender` varchar(1) COLLATE utf8mb4_unicode_ci DEFAULT NULL,
  `note` longtext COLLATE utf8mb4_unicode_ci DEFAULT NULL,
  `mainEmail` varchar(255) COLLATE utf8mb4_unicode_ci DEFAULT NULL,
  `mainPhone` varchar(255) COLLATE utf8mb4_unicode_ci DEFAULT NULL,
  `mainFax` varchar(255) COLLATE utf8mb4_unicode_ci DEFAULT NULL,
  `mainUrl` varchar(255) COLLATE utf8mb4_unicode_ci DEFAULT NULL,
  `created` datetime NOT NULL,
  `changed` datetime NOT NULL,
  `idTitles` int(11) DEFAULT NULL,
  `idUsersCreator` int(11) DEFAULT NULL,
  `idUsersChanger` int(11) DEFAULT NULL,
  PRIMARY KEY (`id`),
  KEY `IDX_79D45A95A254E939` (`idTitles`),
  KEY `IDX_79D45A951677722F` (`avatar`),
  KEY `IDX_79D45A95DBF11E1D` (`idUsersCreator`),
  KEY `IDX_79D45A9530D07CD5` (`idUsersChanger`),
  KEY `IDX_79D45A952392A156` (`firstName`),
  KEY `IDX_79D45A9591161A88` (`lastName`),
  CONSTRAINT `FK_79D45A951677722F` FOREIGN KEY (`avatar`) REFERENCES `me_media` (`id`) ON DELETE SET NULL,
  CONSTRAINT `FK_79D45A9530D07CD5` FOREIGN KEY (`idUsersChanger`) REFERENCES `se_users` (`id`) ON DELETE SET NULL,
  CONSTRAINT `FK_79D45A95A254E939` FOREIGN KEY (`idTitles`) REFERENCES `co_contact_titles` (`id`) ON DELETE SET NULL,
  CONSTRAINT `FK_79D45A95DBF11E1D` FOREIGN KEY (`idUsersCreator`) REFERENCES `se_users` (`id`) ON DELETE SET NULL
) ENGINE=InnoDB AUTO_INCREMENT=2 DEFAULT CHARSET=utf8mb4 COLLATE=utf8mb4_unicode_ci;
/*!40101 SET character_set_client = @saved_cs_client */;

--
-- Dumping data for table `co_contacts`
--

LOCK TABLES `co_contacts` WRITE;
/*!40000 ALTER TABLE `co_contacts` DISABLE KEYS */;
INSERT INTO `co_contacts` VALUES (1,NULL,'Adam',NULL,'Ministrator',NULL,NULL,0,NULL,NULL,NULL,NULL,NULL,NULL,NULL,'2020-11-11 13:05:08','2020-11-11 13:05:08',NULL,NULL,NULL);
/*!40000 ALTER TABLE `co_contacts` ENABLE KEYS */;
UNLOCK TABLES;

--
-- Table structure for table `co_email_types`
--

DROP TABLE IF EXISTS `co_email_types`;
/*!40101 SET @saved_cs_client     = @@character_set_client */;
/*!40101 SET character_set_client = utf8 */;
CREATE TABLE `co_email_types` (
  `id` int(11) NOT NULL AUTO_INCREMENT,
  `name` varchar(60) COLLATE utf8mb4_unicode_ci NOT NULL,
  PRIMARY KEY (`id`)
) ENGINE=InnoDB AUTO_INCREMENT=3 DEFAULT CHARSET=utf8mb4 COLLATE=utf8mb4_unicode_ci;
/*!40101 SET character_set_client = @saved_cs_client */;

--
-- Dumping data for table `co_email_types`
--

LOCK TABLES `co_email_types` WRITE;
/*!40000 ALTER TABLE `co_email_types` DISABLE KEYS */;
INSERT INTO `co_email_types` VALUES (1,'sulu_contact.work'),(2,'sulu_contact.private');
/*!40000 ALTER TABLE `co_email_types` ENABLE KEYS */;
UNLOCK TABLES;

--
-- Table structure for table `co_emails`
--

DROP TABLE IF EXISTS `co_emails`;
/*!40101 SET @saved_cs_client     = @@character_set_client */;
/*!40101 SET character_set_client = utf8 */;
CREATE TABLE `co_emails` (
  `id` int(11) NOT NULL AUTO_INCREMENT,
  `email` varchar(60) COLLATE utf8mb4_unicode_ci NOT NULL,
  `idEmailTypes` int(11) NOT NULL,
  PRIMARY KEY (`id`),
  KEY `IDX_A2F2CB77D816E840` (`idEmailTypes`),
  KEY `IDX_A2F2CB77E7927C74` (`email`),
  CONSTRAINT `FK_A2F2CB77D816E840` FOREIGN KEY (`idEmailTypes`) REFERENCES `co_email_types` (`id`)
) ENGINE=InnoDB DEFAULT CHARSET=utf8mb4 COLLATE=utf8mb4_unicode_ci;
/*!40101 SET character_set_client = @saved_cs_client */;

--
-- Dumping data for table `co_emails`
--

LOCK TABLES `co_emails` WRITE;
/*!40000 ALTER TABLE `co_emails` DISABLE KEYS */;
/*!40000 ALTER TABLE `co_emails` ENABLE KEYS */;
UNLOCK TABLES;

--
-- Table structure for table `co_fax_types`
--

DROP TABLE IF EXISTS `co_fax_types`;
/*!40101 SET @saved_cs_client     = @@character_set_client */;
/*!40101 SET character_set_client = utf8 */;
CREATE TABLE `co_fax_types` (
  `id` int(11) NOT NULL AUTO_INCREMENT,
  `name` varchar(60) COLLATE utf8mb4_unicode_ci NOT NULL,
  PRIMARY KEY (`id`)
) ENGINE=InnoDB AUTO_INCREMENT=3 DEFAULT CHARSET=utf8mb4 COLLATE=utf8mb4_unicode_ci;
/*!40101 SET character_set_client = @saved_cs_client */;

--
-- Dumping data for table `co_fax_types`
--

LOCK TABLES `co_fax_types` WRITE;
/*!40000 ALTER TABLE `co_fax_types` DISABLE KEYS */;
INSERT INTO `co_fax_types` VALUES (1,'sulu_contact.work'),(2,'sulu_contact.private');
/*!40000 ALTER TABLE `co_fax_types` ENABLE KEYS */;
UNLOCK TABLES;

--
-- Table structure for table `co_faxes`
--

DROP TABLE IF EXISTS `co_faxes`;
/*!40101 SET @saved_cs_client     = @@character_set_client */;
/*!40101 SET character_set_client = utf8 */;
CREATE TABLE `co_faxes` (
  `id` int(11) NOT NULL AUTO_INCREMENT,
  `fax` varchar(255) COLLATE utf8mb4_unicode_ci NOT NULL,
  `idFaxTypes` int(11) NOT NULL,
  PRIMARY KEY (`id`),
  KEY `IDX_A5EC6A18B466C5DA` (`idFaxTypes`),
  CONSTRAINT `FK_A5EC6A18B466C5DA` FOREIGN KEY (`idFaxTypes`) REFERENCES `co_fax_types` (`id`)
) ENGINE=InnoDB DEFAULT CHARSET=utf8mb4 COLLATE=utf8mb4_unicode_ci;
/*!40101 SET character_set_client = @saved_cs_client */;

--
-- Dumping data for table `co_faxes`
--

LOCK TABLES `co_faxes` WRITE;
/*!40000 ALTER TABLE `co_faxes` DISABLE KEYS */;
/*!40000 ALTER TABLE `co_faxes` ENABLE KEYS */;
UNLOCK TABLES;

--
-- Table structure for table `co_notes`
--

DROP TABLE IF EXISTS `co_notes`;
/*!40101 SET @saved_cs_client     = @@character_set_client */;
/*!40101 SET character_set_client = utf8 */;
CREATE TABLE `co_notes` (
  `id` int(11) NOT NULL AUTO_INCREMENT,
  `value` longtext COLLATE utf8mb4_unicode_ci NOT NULL,
  PRIMARY KEY (`id`)
) ENGINE=InnoDB DEFAULT CHARSET=utf8mb4 COLLATE=utf8mb4_unicode_ci;
/*!40101 SET character_set_client = @saved_cs_client */;

--
-- Dumping data for table `co_notes`
--

LOCK TABLES `co_notes` WRITE;
/*!40000 ALTER TABLE `co_notes` DISABLE KEYS */;
/*!40000 ALTER TABLE `co_notes` ENABLE KEYS */;
UNLOCK TABLES;

--
-- Table structure for table `co_phone_types`
--

DROP TABLE IF EXISTS `co_phone_types`;
/*!40101 SET @saved_cs_client     = @@character_set_client */;
/*!40101 SET character_set_client = utf8 */;
CREATE TABLE `co_phone_types` (
  `id` int(11) NOT NULL AUTO_INCREMENT,
  `name` varchar(60) COLLATE utf8mb4_unicode_ci NOT NULL,
  PRIMARY KEY (`id`)
) ENGINE=InnoDB AUTO_INCREMENT=4 DEFAULT CHARSET=utf8mb4 COLLATE=utf8mb4_unicode_ci;
/*!40101 SET character_set_client = @saved_cs_client */;

--
-- Dumping data for table `co_phone_types`
--

LOCK TABLES `co_phone_types` WRITE;
/*!40000 ALTER TABLE `co_phone_types` DISABLE KEYS */;
INSERT INTO `co_phone_types` VALUES (1,'sulu_contact.work'),(2,'sulu_contact.private'),(3,'sulu_contact.mobile');
/*!40000 ALTER TABLE `co_phone_types` ENABLE KEYS */;
UNLOCK TABLES;

--
-- Table structure for table `co_phones`
--

DROP TABLE IF EXISTS `co_phones`;
/*!40101 SET @saved_cs_client     = @@character_set_client */;
/*!40101 SET character_set_client = utf8 */;
CREATE TABLE `co_phones` (
  `id` int(11) NOT NULL AUTO_INCREMENT,
  `phone` varchar(60) COLLATE utf8mb4_unicode_ci NOT NULL,
  `idPhoneTypes` int(11) NOT NULL,
  PRIMARY KEY (`id`),
  KEY `IDX_D5B0DD0A4249AD7` (`idPhoneTypes`),
  CONSTRAINT `FK_D5B0DD0A4249AD7` FOREIGN KEY (`idPhoneTypes`) REFERENCES `co_phone_types` (`id`)
) ENGINE=InnoDB DEFAULT CHARSET=utf8mb4 COLLATE=utf8mb4_unicode_ci;
/*!40101 SET character_set_client = @saved_cs_client */;

--
-- Dumping data for table `co_phones`
--

LOCK TABLES `co_phones` WRITE;
/*!40000 ALTER TABLE `co_phones` DISABLE KEYS */;
/*!40000 ALTER TABLE `co_phones` ENABLE KEYS */;
UNLOCK TABLES;

--
-- Table structure for table `co_positions`
--

DROP TABLE IF EXISTS `co_positions`;
/*!40101 SET @saved_cs_client     = @@character_set_client */;
/*!40101 SET character_set_client = utf8 */;
CREATE TABLE `co_positions` (
  `id` int(11) NOT NULL AUTO_INCREMENT,
  `position` varchar(60) COLLATE utf8mb4_unicode_ci NOT NULL,
  PRIMARY KEY (`id`),
  UNIQUE KEY `UNIQ_9FBC367E462CE4F5` (`position`)
) ENGINE=InnoDB DEFAULT CHARSET=utf8mb4 COLLATE=utf8mb4_unicode_ci;
/*!40101 SET character_set_client = @saved_cs_client */;

--
-- Dumping data for table `co_positions`
--

LOCK TABLES `co_positions` WRITE;
/*!40000 ALTER TABLE `co_positions` DISABLE KEYS */;
/*!40000 ALTER TABLE `co_positions` ENABLE KEYS */;
UNLOCK TABLES;

--
-- Table structure for table `co_social_media_profile_types`
--

DROP TABLE IF EXISTS `co_social_media_profile_types`;
/*!40101 SET @saved_cs_client     = @@character_set_client */;
/*!40101 SET character_set_client = utf8 */;
CREATE TABLE `co_social_media_profile_types` (
  `id` int(11) NOT NULL AUTO_INCREMENT,
  `name` varchar(100) COLLATE utf8mb4_unicode_ci NOT NULL,
  PRIMARY KEY (`id`)
) ENGINE=InnoDB AUTO_INCREMENT=4 DEFAULT CHARSET=utf8mb4 COLLATE=utf8mb4_unicode_ci;
/*!40101 SET character_set_client = @saved_cs_client */;

--
-- Dumping data for table `co_social_media_profile_types`
--

LOCK TABLES `co_social_media_profile_types` WRITE;
/*!40000 ALTER TABLE `co_social_media_profile_types` DISABLE KEYS */;
INSERT INTO `co_social_media_profile_types` VALUES (1,'Facebook'),(2,'Twitter'),(3,'Instagram');
/*!40000 ALTER TABLE `co_social_media_profile_types` ENABLE KEYS */;
UNLOCK TABLES;

--
-- Table structure for table `co_social_media_profiles`
--

DROP TABLE IF EXISTS `co_social_media_profiles`;
/*!40101 SET @saved_cs_client     = @@character_set_client */;
/*!40101 SET character_set_client = utf8 */;
CREATE TABLE `co_social_media_profiles` (
  `id` int(11) NOT NULL AUTO_INCREMENT,
  `username` varchar(255) COLLATE utf8mb4_unicode_ci NOT NULL,
  `idSocialMediaTypes` int(11) NOT NULL,
  PRIMARY KEY (`id`),
  KEY `IDX_DF585BFBB5BEA95F` (`idSocialMediaTypes`),
  CONSTRAINT `FK_DF585BFBB5BEA95F` FOREIGN KEY (`idSocialMediaTypes`) REFERENCES `co_social_media_profile_types` (`id`)
) ENGINE=InnoDB DEFAULT CHARSET=utf8mb4 COLLATE=utf8mb4_unicode_ci;
/*!40101 SET character_set_client = @saved_cs_client */;

--
-- Dumping data for table `co_social_media_profiles`
--

LOCK TABLES `co_social_media_profiles` WRITE;
/*!40000 ALTER TABLE `co_social_media_profiles` DISABLE KEYS */;
/*!40000 ALTER TABLE `co_social_media_profiles` ENABLE KEYS */;
UNLOCK TABLES;

--
-- Table structure for table `co_url_types`
--

DROP TABLE IF EXISTS `co_url_types`;
/*!40101 SET @saved_cs_client     = @@character_set_client */;
/*!40101 SET character_set_client = utf8 */;
CREATE TABLE `co_url_types` (
  `id` int(11) NOT NULL AUTO_INCREMENT,
  `name` varchar(60) COLLATE utf8mb4_unicode_ci NOT NULL,
  PRIMARY KEY (`id`)
) ENGINE=InnoDB AUTO_INCREMENT=3 DEFAULT CHARSET=utf8mb4 COLLATE=utf8mb4_unicode_ci;
/*!40101 SET character_set_client = @saved_cs_client */;

--
-- Dumping data for table `co_url_types`
--

LOCK TABLES `co_url_types` WRITE;
/*!40000 ALTER TABLE `co_url_types` DISABLE KEYS */;
INSERT INTO `co_url_types` VALUES (1,'sulu_contact.work'),(2,'sulu_contact.private');
/*!40000 ALTER TABLE `co_url_types` ENABLE KEYS */;
UNLOCK TABLES;

--
-- Table structure for table `co_urls`
--

DROP TABLE IF EXISTS `co_urls`;
/*!40101 SET @saved_cs_client     = @@character_set_client */;
/*!40101 SET character_set_client = utf8 */;
CREATE TABLE `co_urls` (
  `id` int(11) NOT NULL AUTO_INCREMENT,
  `url` varchar(255) COLLATE utf8mb4_unicode_ci NOT NULL,
  `idUrlTypes` int(11) NOT NULL,
  PRIMARY KEY (`id`),
  KEY `IDX_6F03842E882335CC` (`idUrlTypes`),
  CONSTRAINT `FK_6F03842E882335CC` FOREIGN KEY (`idUrlTypes`) REFERENCES `co_url_types` (`id`)
) ENGINE=InnoDB DEFAULT CHARSET=utf8mb4 COLLATE=utf8mb4_unicode_ci;
/*!40101 SET character_set_client = @saved_cs_client */;

--
-- Dumping data for table `co_urls`
--

LOCK TABLES `co_urls` WRITE;
/*!40000 ALTER TABLE `co_urls` DISABLE KEYS */;
/*!40000 ALTER TABLE `co_urls` ENABLE KEYS */;
UNLOCK TABLES;

--
-- Table structure for table `me_collection_meta`
--

DROP TABLE IF EXISTS `me_collection_meta`;
/*!40101 SET @saved_cs_client     = @@character_set_client */;
/*!40101 SET character_set_client = utf8 */;
CREATE TABLE `me_collection_meta` (
  `id` int(11) NOT NULL AUTO_INCREMENT,
  `title` varchar(191) COLLATE utf8mb4_unicode_ci NOT NULL,
  `description` longtext COLLATE utf8mb4_unicode_ci DEFAULT NULL,
  `locale` varchar(5) COLLATE utf8mb4_unicode_ci NOT NULL,
  `idCollections` int(11) NOT NULL,
  PRIMARY KEY (`id`),
  KEY `IDX_F8D5E71693782C96` (`idCollections`),
  KEY `IDX_F8D5E7162B36786B` (`title`),
  KEY `IDX_F8D5E7164180C698` (`locale`),
  CONSTRAINT `FK_F8D5E71693782C96` FOREIGN KEY (`idCollections`) REFERENCES `me_collections` (`id`) ON DELETE CASCADE
) ENGINE=InnoDB AUTO_INCREMENT=12 DEFAULT CHARSET=utf8mb4 COLLATE=utf8mb4_unicode_ci;
/*!40101 SET character_set_client = @saved_cs_client */;

--
-- Dumping data for table `me_collection_meta`
--

LOCK TABLES `me_collection_meta` WRITE;
/*!40000 ALTER TABLE `me_collection_meta` DISABLE KEYS */;
INSERT INTO `me_collection_meta` VALUES (1,'System',NULL,'en',1),(2,'Sulu media',NULL,'en',2),(3,'Sulu Medien',NULL,'de',2),(4,'Preview images',NULL,'en',3),(5,'Vorschaubilder',NULL,'de',3),(6,'Sulu contacts',NULL,'en',4),(7,'Sulu Kontakte',NULL,'de',4),(8,'People',NULL,'en',5),(9,'Personen',NULL,'de',5),(10,'Organizations',NULL,'en',6),(11,'Organisationen',NULL,'de',6);
/*!40000 ALTER TABLE `me_collection_meta` ENABLE KEYS */;
UNLOCK TABLES;

--
-- Table structure for table `me_collection_types`
--

DROP TABLE IF EXISTS `me_collection_types`;
/*!40101 SET @saved_cs_client     = @@character_set_client */;
/*!40101 SET character_set_client = utf8 */;
CREATE TABLE `me_collection_types` (
  `id` int(11) NOT NULL AUTO_INCREMENT,
  `name` varchar(255) COLLATE utf8mb4_unicode_ci NOT NULL,
  `collection_type_key` varchar(191) COLLATE utf8mb4_unicode_ci DEFAULT NULL,
  `description` longtext COLLATE utf8mb4_unicode_ci DEFAULT NULL,
  PRIMARY KEY (`id`),
  UNIQUE KEY `UNIQ_FB78DFB179078378` (`collection_type_key`)
) ENGINE=InnoDB AUTO_INCREMENT=3 DEFAULT CHARSET=utf8mb4 COLLATE=utf8mb4_unicode_ci;
/*!40101 SET character_set_client = @saved_cs_client */;

--
-- Dumping data for table `me_collection_types`
--

LOCK TABLES `me_collection_types` WRITE;
/*!40000 ALTER TABLE `me_collection_types` DISABLE KEYS */;
INSERT INTO `me_collection_types` VALUES (1,'Default','collection.default',NULL),(2,'System Collections','collection.system',NULL);
/*!40000 ALTER TABLE `me_collection_types` ENABLE KEYS */;
UNLOCK TABLES;

--
-- Table structure for table `me_collections`
--

DROP TABLE IF EXISTS `me_collections`;
/*!40101 SET @saved_cs_client     = @@character_set_client */;
/*!40101 SET character_set_client = utf8 */;
CREATE TABLE `me_collections` (
  `id` int(11) NOT NULL AUTO_INCREMENT,
  `style` varchar(255) COLLATE utf8mb4_unicode_ci DEFAULT NULL,
  `lft` int(11) NOT NULL,
  `rgt` int(11) NOT NULL,
  `depth` int(11) NOT NULL,
  `collection_key` varchar(191) COLLATE utf8mb4_unicode_ci DEFAULT NULL,
  `created` datetime NOT NULL,
  `changed` datetime NOT NULL,
  `idCollectionsMetaDefault` int(11) DEFAULT NULL,
  `idCollectionTypes` int(11) NOT NULL,
  `idCollectionsParent` int(11) DEFAULT NULL,
  `idUsersCreator` int(11) DEFAULT NULL,
  `idUsersChanger` int(11) DEFAULT NULL,
  PRIMARY KEY (`id`),
  UNIQUE KEY `UNIQ_F0D4887221904CD` (`collection_key`),
  UNIQUE KEY `UNIQ_F0D4887CFA3F467` (`idCollectionsMetaDefault`),
  KEY `IDX_F0D4887E67924D6` (`idCollectionTypes`),
  KEY `IDX_F0D4887A4F2DCF8` (`idCollectionsParent`),
  KEY `IDX_F0D4887DBF11E1D` (`idUsersCreator`),
  KEY `IDX_F0D488730D07CD5` (`idUsersChanger`),
  CONSTRAINT `FK_F0D488730D07CD5` FOREIGN KEY (`idUsersChanger`) REFERENCES `se_users` (`id`) ON DELETE SET NULL,
  CONSTRAINT `FK_F0D4887A4F2DCF8` FOREIGN KEY (`idCollectionsParent`) REFERENCES `me_collections` (`id`) ON DELETE SET NULL,
  CONSTRAINT `FK_F0D4887CFA3F467` FOREIGN KEY (`idCollectionsMetaDefault`) REFERENCES `me_collection_meta` (`id`) ON DELETE CASCADE,
  CONSTRAINT `FK_F0D4887DBF11E1D` FOREIGN KEY (`idUsersCreator`) REFERENCES `se_users` (`id`) ON DELETE SET NULL,
  CONSTRAINT `FK_F0D4887E67924D6` FOREIGN KEY (`idCollectionTypes`) REFERENCES `me_collection_types` (`id`)
) ENGINE=InnoDB AUTO_INCREMENT=7 DEFAULT CHARSET=utf8mb4 COLLATE=utf8mb4_unicode_ci;
/*!40101 SET character_set_client = @saved_cs_client */;

--
-- Dumping data for table `me_collections`
--

LOCK TABLES `me_collections` WRITE;
/*!40000 ALTER TABLE `me_collections` DISABLE KEYS */;
INSERT INTO `me_collections` VALUES (1,NULL,1,12,0,'system_collections','2020-11-11 13:05:09','2020-11-11 13:05:09',1,2,NULL,NULL,NULL),(2,NULL,2,5,1,'sulu_media','2020-11-11 13:05:09','2020-11-11 16:57:41',2,2,1,NULL,1),(3,NULL,3,4,2,'sulu_media.preview_image','2020-11-11 13:05:09','2020-11-11 16:57:41',4,2,2,NULL,1),(4,NULL,6,11,1,'sulu_contact','2020-11-11 13:05:09','2020-11-11 16:57:41',6,2,1,NULL,1),(5,NULL,7,8,2,'sulu_contact.contact','2020-11-11 13:05:09','2020-11-11 16:57:41',8,2,4,NULL,1),(6,NULL,9,10,2,'sulu_contact.account','2020-11-11 13:05:09','2020-11-11 16:57:41',10,2,4,NULL,1);
/*!40000 ALTER TABLE `me_collections` ENABLE KEYS */;
UNLOCK TABLES;

--
-- Table structure for table `me_file_version_categories`
--

DROP TABLE IF EXISTS `me_file_version_categories`;
/*!40101 SET @saved_cs_client     = @@character_set_client */;
/*!40101 SET character_set_client = utf8 */;
CREATE TABLE `me_file_version_categories` (
  `idFileVersions` int(11) NOT NULL,
  `idCategories` int(11) NOT NULL,
  PRIMARY KEY (`idFileVersions`,`idCategories`),
  KEY `IDX_2F1E17D0911ADE33` (`idFileVersions`),
  KEY `IDX_2F1E17D0B8075882` (`idCategories`),
  CONSTRAINT `FK_2F1E17D0911ADE33` FOREIGN KEY (`idFileVersions`) REFERENCES `me_file_versions` (`id`) ON DELETE CASCADE,
  CONSTRAINT `FK_2F1E17D0B8075882` FOREIGN KEY (`idCategories`) REFERENCES `ca_categories` (`id`) ON DELETE CASCADE
) ENGINE=InnoDB DEFAULT CHARSET=utf8mb4 COLLATE=utf8mb4_unicode_ci;
/*!40101 SET character_set_client = @saved_cs_client */;

--
-- Dumping data for table `me_file_version_categories`
--

LOCK TABLES `me_file_version_categories` WRITE;
/*!40000 ALTER TABLE `me_file_version_categories` DISABLE KEYS */;
/*!40000 ALTER TABLE `me_file_version_categories` ENABLE KEYS */;
UNLOCK TABLES;

--
-- Table structure for table `me_file_version_content_languages`
--

DROP TABLE IF EXISTS `me_file_version_content_languages`;
/*!40101 SET @saved_cs_client     = @@character_set_client */;
/*!40101 SET character_set_client = utf8 */;
CREATE TABLE `me_file_version_content_languages` (
  `id` int(11) NOT NULL AUTO_INCREMENT,
  `locale` varchar(5) COLLATE utf8mb4_unicode_ci NOT NULL,
  `idFileVersions` int(11) DEFAULT NULL,
  PRIMARY KEY (`id`),
  KEY `IDX_F3FD652C911ADE33` (`idFileVersions`),
  CONSTRAINT `FK_F3FD652C911ADE33` FOREIGN KEY (`idFileVersions`) REFERENCES `me_file_versions` (`id`) ON DELETE CASCADE
) ENGINE=InnoDB DEFAULT CHARSET=utf8mb4 COLLATE=utf8mb4_unicode_ci;
/*!40101 SET character_set_client = @saved_cs_client */;

--
-- Dumping data for table `me_file_version_content_languages`
--

LOCK TABLES `me_file_version_content_languages` WRITE;
/*!40000 ALTER TABLE `me_file_version_content_languages` DISABLE KEYS */;
/*!40000 ALTER TABLE `me_file_version_content_languages` ENABLE KEYS */;
UNLOCK TABLES;

--
-- Table structure for table `me_file_version_meta`
--

DROP TABLE IF EXISTS `me_file_version_meta`;
/*!40101 SET @saved_cs_client     = @@character_set_client */;
/*!40101 SET character_set_client = utf8 */;
CREATE TABLE `me_file_version_meta` (
  `id` int(11) NOT NULL AUTO_INCREMENT,
  `title` varchar(191) COLLATE utf8mb4_unicode_ci NOT NULL,
  `description` longtext COLLATE utf8mb4_unicode_ci DEFAULT NULL,
  `copyright` longtext COLLATE utf8mb4_unicode_ci DEFAULT NULL,
  `credits` longtext COLLATE utf8mb4_unicode_ci DEFAULT NULL,
  `locale` varchar(5) COLLATE utf8mb4_unicode_ci NOT NULL,
  `idFileVersions` int(11) NOT NULL,
  PRIMARY KEY (`id`),
  KEY `IDX_AD44B0AD911ADE33` (`idFileVersions`),
  KEY `IDX_AD44B0AD2B36786B` (`title`),
  KEY `IDX_AD44B0AD4180C698` (`locale`),
  CONSTRAINT `FK_AD44B0AD911ADE33` FOREIGN KEY (`idFileVersions`) REFERENCES `me_file_versions` (`id`) ON DELETE CASCADE
) ENGINE=InnoDB DEFAULT CHARSET=utf8mb4 COLLATE=utf8mb4_unicode_ci;
/*!40101 SET character_set_client = @saved_cs_client */;

--
-- Dumping data for table `me_file_version_meta`
--

LOCK TABLES `me_file_version_meta` WRITE;
/*!40000 ALTER TABLE `me_file_version_meta` DISABLE KEYS */;
/*!40000 ALTER TABLE `me_file_version_meta` ENABLE KEYS */;
UNLOCK TABLES;

--
-- Table structure for table `me_file_version_publish_languages`
--

DROP TABLE IF EXISTS `me_file_version_publish_languages`;
/*!40101 SET @saved_cs_client     = @@character_set_client */;
/*!40101 SET character_set_client = utf8 */;
CREATE TABLE `me_file_version_publish_languages` (
  `id` int(11) NOT NULL AUTO_INCREMENT,
  `locale` varchar(5) COLLATE utf8mb4_unicode_ci NOT NULL,
  `idFileVersions` int(11) DEFAULT NULL,
  PRIMARY KEY (`id`),
  KEY `IDX_195DAB3C911ADE33` (`idFileVersions`),
  CONSTRAINT `FK_195DAB3C911ADE33` FOREIGN KEY (`idFileVersions`) REFERENCES `me_file_versions` (`id`) ON DELETE CASCADE
) ENGINE=InnoDB DEFAULT CHARSET=utf8mb4 COLLATE=utf8mb4_unicode_ci;
/*!40101 SET character_set_client = @saved_cs_client */;

--
-- Dumping data for table `me_file_version_publish_languages`
--

LOCK TABLES `me_file_version_publish_languages` WRITE;
/*!40000 ALTER TABLE `me_file_version_publish_languages` DISABLE KEYS */;
/*!40000 ALTER TABLE `me_file_version_publish_languages` ENABLE KEYS */;
UNLOCK TABLES;

--
-- Table structure for table `me_file_version_tags`
--

DROP TABLE IF EXISTS `me_file_version_tags`;
/*!40101 SET @saved_cs_client     = @@character_set_client */;
/*!40101 SET character_set_client = utf8 */;
CREATE TABLE `me_file_version_tags` (
  `idFileVersions` int(11) NOT NULL,
  `idTags` int(11) NOT NULL,
  PRIMARY KEY (`idFileVersions`,`idTags`),
  KEY `IDX_150A30BE911ADE33` (`idFileVersions`),
  KEY `IDX_150A30BE1C41CAB8` (`idTags`),
  CONSTRAINT `FK_150A30BE1C41CAB8` FOREIGN KEY (`idTags`) REFERENCES `ta_tags` (`id`) ON DELETE CASCADE,
  CONSTRAINT `FK_150A30BE911ADE33` FOREIGN KEY (`idFileVersions`) REFERENCES `me_file_versions` (`id`) ON DELETE CASCADE
) ENGINE=InnoDB DEFAULT CHARSET=utf8mb4 COLLATE=utf8mb4_unicode_ci;
/*!40101 SET character_set_client = @saved_cs_client */;

--
-- Dumping data for table `me_file_version_tags`
--

LOCK TABLES `me_file_version_tags` WRITE;
/*!40000 ALTER TABLE `me_file_version_tags` DISABLE KEYS */;
/*!40000 ALTER TABLE `me_file_version_tags` ENABLE KEYS */;
UNLOCK TABLES;

--
-- Table structure for table `me_file_versions`
--

DROP TABLE IF EXISTS `me_file_versions`;
/*!40101 SET @saved_cs_client     = @@character_set_client */;
/*!40101 SET character_set_client = utf8 */;
CREATE TABLE `me_file_versions` (
  `id` int(11) NOT NULL AUTO_INCREMENT,
  `name` varchar(191) COLLATE utf8mb4_unicode_ci NOT NULL,
  `version` int(11) NOT NULL,
  `subVersion` int(11) NOT NULL DEFAULT 0,
  `size` int(11) NOT NULL,
  `downloadCounter` int(11) NOT NULL DEFAULT 0,
  `storageOptions` longtext COLLATE utf8mb4_unicode_ci DEFAULT NULL,
  `mimeType` varchar(191) COLLATE utf8mb4_unicode_ci DEFAULT NULL,
  `properties` varchar(1000) COLLATE utf8mb4_unicode_ci DEFAULT NULL,
  `focusPointX` int(11) DEFAULT NULL,
  `focusPointY` int(11) DEFAULT NULL,
  `created` datetime NOT NULL,
  `changed` datetime NOT NULL,
  `idFileVersionsMetaDefault` int(11) DEFAULT NULL,
  `idFiles` int(11) DEFAULT NULL,
  `idUsersCreator` int(11) DEFAULT NULL,
  `idUsersChanger` int(11) DEFAULT NULL,
  PRIMARY KEY (`id`),
  UNIQUE KEY `UNIQ_7B6E89456B801096` (`idFileVersionsMetaDefault`),
  KEY `IDX_7B6E894511F10344` (`idFiles`),
  KEY `IDX_7B6E8945DBF11E1D` (`idUsersCreator`),
  KEY `IDX_7B6E894530D07CD5` (`idUsersChanger`),
  KEY `IDX_7B6E8945D8F2A087` (`mimeType`),
  KEY `IDX_7B6E8945F7C0246A` (`size`),
  KEY `IDX_7B6E8945BF1CD3C3` (`version`),
  KEY `IDX_7B6E89455E237E06` (`name`),
  CONSTRAINT `FK_7B6E894511F10344` FOREIGN KEY (`idFiles`) REFERENCES `me_files` (`id`) ON DELETE CASCADE,
  CONSTRAINT `FK_7B6E894530D07CD5` FOREIGN KEY (`idUsersChanger`) REFERENCES `se_users` (`id`) ON DELETE SET NULL,
  CONSTRAINT `FK_7B6E89456B801096` FOREIGN KEY (`idFileVersionsMetaDefault`) REFERENCES `me_file_version_meta` (`id`) ON DELETE CASCADE,
  CONSTRAINT `FK_7B6E8945DBF11E1D` FOREIGN KEY (`idUsersCreator`) REFERENCES `se_users` (`id`) ON DELETE SET NULL
) ENGINE=InnoDB DEFAULT CHARSET=utf8mb4 COLLATE=utf8mb4_unicode_ci;
/*!40101 SET character_set_client = @saved_cs_client */;

--
-- Dumping data for table `me_file_versions`
--

LOCK TABLES `me_file_versions` WRITE;
/*!40000 ALTER TABLE `me_file_versions` DISABLE KEYS */;
/*!40000 ALTER TABLE `me_file_versions` ENABLE KEYS */;
UNLOCK TABLES;

--
-- Table structure for table `me_files`
--

DROP TABLE IF EXISTS `me_files`;
/*!40101 SET @saved_cs_client     = @@character_set_client */;
/*!40101 SET character_set_client = utf8 */;
CREATE TABLE `me_files` (
  `id` int(11) NOT NULL AUTO_INCREMENT,
  `version` int(11) NOT NULL,
  `created` datetime NOT NULL,
  `changed` datetime NOT NULL,
  `idMedia` int(11) NOT NULL,
  `idUsersCreator` int(11) DEFAULT NULL,
  `idUsersChanger` int(11) DEFAULT NULL,
  PRIMARY KEY (`id`),
  KEY `IDX_CA8D04277DE8E211` (`idMedia`),
  KEY `IDX_CA8D0427DBF11E1D` (`idUsersCreator`),
  KEY `IDX_CA8D042730D07CD5` (`idUsersChanger`),
  KEY `IDX_CA8D0427BF1CD3C3` (`version`),
  CONSTRAINT `FK_CA8D042730D07CD5` FOREIGN KEY (`idUsersChanger`) REFERENCES `se_users` (`id`) ON DELETE SET NULL,
  CONSTRAINT `FK_CA8D04277DE8E211` FOREIGN KEY (`idMedia`) REFERENCES `me_media` (`id`) ON DELETE CASCADE,
  CONSTRAINT `FK_CA8D0427DBF11E1D` FOREIGN KEY (`idUsersCreator`) REFERENCES `se_users` (`id`) ON DELETE SET NULL
) ENGINE=InnoDB DEFAULT CHARSET=utf8mb4 COLLATE=utf8mb4_unicode_ci;
/*!40101 SET character_set_client = @saved_cs_client */;

--
-- Dumping data for table `me_files`
--

LOCK TABLES `me_files` WRITE;
/*!40000 ALTER TABLE `me_files` DISABLE KEYS */;
/*!40000 ALTER TABLE `me_files` ENABLE KEYS */;
UNLOCK TABLES;

--
-- Table structure for table `me_format_options`
--

DROP TABLE IF EXISTS `me_format_options`;
/*!40101 SET @saved_cs_client     = @@character_set_client */;
/*!40101 SET character_set_client = utf8 */;
CREATE TABLE `me_format_options` (
  `format_key` varchar(191) COLLATE utf8mb4_unicode_ci NOT NULL,
  `crop_x` int(11) NOT NULL,
  `crop_y` int(11) NOT NULL,
  `crop_width` int(11) NOT NULL,
  `crop_height` int(11) NOT NULL,
  `fileVersion` int(11) NOT NULL,
  PRIMARY KEY (`format_key`,`fileVersion`),
  KEY `IDX_6D25443B31852B63` (`fileVersion`),
  CONSTRAINT `FK_6D25443B31852B63` FOREIGN KEY (`fileVersion`) REFERENCES `me_file_versions` (`id`) ON DELETE CASCADE
) ENGINE=InnoDB DEFAULT CHARSET=utf8mb4 COLLATE=utf8mb4_unicode_ci;
/*!40101 SET character_set_client = @saved_cs_client */;

--
-- Dumping data for table `me_format_options`
--

LOCK TABLES `me_format_options` WRITE;
/*!40000 ALTER TABLE `me_format_options` DISABLE KEYS */;
/*!40000 ALTER TABLE `me_format_options` ENABLE KEYS */;
UNLOCK TABLES;

--
-- Table structure for table `me_media`
--

DROP TABLE IF EXISTS `me_media`;
/*!40101 SET @saved_cs_client     = @@character_set_client */;
/*!40101 SET character_set_client = utf8 */;
CREATE TABLE `me_media` (
  `id` int(11) NOT NULL AUTO_INCREMENT,
  `created` datetime NOT NULL,
  `changed` datetime NOT NULL,
  `idMediaTypes` int(11) NOT NULL,
  `idPreviewImage` int(11) DEFAULT NULL,
  `idCollections` int(11) NOT NULL,
  `idUsersCreator` int(11) DEFAULT NULL,
  `idUsersChanger` int(11) DEFAULT NULL,
  PRIMARY KEY (`id`),
  UNIQUE KEY `UNIQ_A694E572D1EB44DE` (`idPreviewImage`),
  KEY `IDX_A694E57284671716` (`idMediaTypes`),
  KEY `IDX_A694E57293782C96` (`idCollections`),
  KEY `IDX_A694E572DBF11E1D` (`idUsersCreator`),
  KEY `IDX_A694E57230D07CD5` (`idUsersChanger`),
  KEY `IDX_A694E572A3F33DFA` (`changed`),
  KEY `IDX_A694E572B23DB7B8` (`created`),
  CONSTRAINT `FK_A694E57230D07CD5` FOREIGN KEY (`idUsersChanger`) REFERENCES `se_users` (`id`) ON DELETE SET NULL,
  CONSTRAINT `FK_A694E57284671716` FOREIGN KEY (`idMediaTypes`) REFERENCES `me_media_types` (`id`),
  CONSTRAINT `FK_A694E57293782C96` FOREIGN KEY (`idCollections`) REFERENCES `me_collections` (`id`) ON DELETE CASCADE,
  CONSTRAINT `FK_A694E572D1EB44DE` FOREIGN KEY (`idPreviewImage`) REFERENCES `me_media` (`id`),
  CONSTRAINT `FK_A694E572DBF11E1D` FOREIGN KEY (`idUsersCreator`) REFERENCES `se_users` (`id`) ON DELETE SET NULL
) ENGINE=InnoDB DEFAULT CHARSET=utf8mb4 COLLATE=utf8mb4_unicode_ci;
/*!40101 SET character_set_client = @saved_cs_client */;

--
-- Dumping data for table `me_media`
--

LOCK TABLES `me_media` WRITE;
/*!40000 ALTER TABLE `me_media` DISABLE KEYS */;
/*!40000 ALTER TABLE `me_media` ENABLE KEYS */;
UNLOCK TABLES;

--
-- Table structure for table `me_media_types`
--

DROP TABLE IF EXISTS `me_media_types`;
/*!40101 SET @saved_cs_client     = @@character_set_client */;
/*!40101 SET character_set_client = utf8 */;
CREATE TABLE `me_media_types` (
  `id` int(11) NOT NULL AUTO_INCREMENT,
  `name` varchar(191) COLLATE utf8mb4_unicode_ci NOT NULL,
  `description` longtext COLLATE utf8mb4_unicode_ci DEFAULT NULL,
  PRIMARY KEY (`id`),
  KEY `IDX_9A01D6E85E237E06` (`name`)
) ENGINE=InnoDB AUTO_INCREMENT=5 DEFAULT CHARSET=utf8mb4 COLLATE=utf8mb4_unicode_ci;
/*!40101 SET character_set_client = @saved_cs_client */;

--
-- Dumping data for table `me_media_types`
--

LOCK TABLES `me_media_types` WRITE;
/*!40000 ALTER TABLE `me_media_types` DISABLE KEYS */;
INSERT INTO `me_media_types` VALUES (1,'document',NULL),(2,'image',NULL),(3,'video',NULL),(4,'audio',NULL);
/*!40000 ALTER TABLE `me_media_types` ENABLE KEYS */;
UNLOCK TABLES;

--
-- Table structure for table `migration_versions`
--

DROP TABLE IF EXISTS `migration_versions`;
/*!40101 SET @saved_cs_client     = @@character_set_client */;
/*!40101 SET character_set_client = utf8 */;
CREATE TABLE `migration_versions` (
  `version` varchar(14) COLLATE utf8mb4_unicode_ci NOT NULL,
  `executed_at` datetime NOT NULL COMMENT '(DC2Type:datetime_immutable)',
  PRIMARY KEY (`version`)
) ENGINE=InnoDB DEFAULT CHARSET=utf8mb4 COLLATE=utf8mb4_unicode_ci;
/*!40101 SET character_set_client = @saved_cs_client */;

--
-- Dumping data for table `migration_versions`
--

LOCK TABLES `migration_versions` WRITE;
/*!40000 ALTER TABLE `migration_versions` DISABLE KEYS */;
INSERT INTO `migration_versions` VALUES ('20191210174025','2020-11-10 19:47:18');
/*!40000 ALTER TABLE `migration_versions` ENABLE KEYS */;
UNLOCK TABLES;

--
-- Table structure for table `phpcr_binarydata`
--

DROP TABLE IF EXISTS `phpcr_binarydata`;
/*!40101 SET @saved_cs_client     = @@character_set_client */;
/*!40101 SET character_set_client = utf8 */;
CREATE TABLE `phpcr_binarydata` (
  `id` int(11) NOT NULL AUTO_INCREMENT,
  `node_id` int(11) NOT NULL,
  `property_name` varchar(191) COLLATE utf8mb4_unicode_ci NOT NULL,
  `workspace_name` varchar(191) COLLATE utf8mb4_unicode_ci NOT NULL,
  `idx` int(11) NOT NULL DEFAULT 0,
  `data` longblob NOT NULL,
  PRIMARY KEY (`id`),
  UNIQUE KEY `UNIQ_37E65615460D9FD7413BC13C1AC10DC4E7087E10` (`node_id`,`property_name`,`workspace_name`,`idx`)
) ENGINE=InnoDB DEFAULT CHARSET=utf8mb4 COLLATE=utf8mb4_unicode_ci;
/*!40101 SET character_set_client = @saved_cs_client */;

--
-- Dumping data for table `phpcr_binarydata`
--

LOCK TABLES `phpcr_binarydata` WRITE;
/*!40000 ALTER TABLE `phpcr_binarydata` DISABLE KEYS */;
/*!40000 ALTER TABLE `phpcr_binarydata` ENABLE KEYS */;
UNLOCK TABLES;

--
-- Table structure for table `phpcr_internal_index_types`
--

DROP TABLE IF EXISTS `phpcr_internal_index_types`;
/*!40101 SET @saved_cs_client     = @@character_set_client */;
/*!40101 SET character_set_client = utf8 */;
CREATE TABLE `phpcr_internal_index_types` (
  `type` varchar(191) COLLATE utf8mb4_unicode_ci NOT NULL,
  `node_id` int(11) NOT NULL,
  PRIMARY KEY (`type`,`node_id`)
) ENGINE=InnoDB DEFAULT CHARSET=utf8mb4 COLLATE=utf8mb4_unicode_ci;
/*!40101 SET character_set_client = @saved_cs_client */;

--
-- Dumping data for table `phpcr_internal_index_types`
--

LOCK TABLES `phpcr_internal_index_types` WRITE;
/*!40000 ALTER TABLE `phpcr_internal_index_types` DISABLE KEYS */;
/*!40000 ALTER TABLE `phpcr_internal_index_types` ENABLE KEYS */;
UNLOCK TABLES;

--
-- Table structure for table `phpcr_namespaces`
--

DROP TABLE IF EXISTS `phpcr_namespaces`;
/*!40101 SET @saved_cs_client     = @@character_set_client */;
/*!40101 SET character_set_client = utf8 */;
CREATE TABLE `phpcr_namespaces` (
  `prefix` varchar(191) COLLATE utf8mb4_unicode_ci NOT NULL,
  `uri` varchar(255) COLLATE utf8mb4_unicode_ci NOT NULL,
  PRIMARY KEY (`prefix`)
) ENGINE=InnoDB DEFAULT CHARSET=utf8mb4 COLLATE=utf8mb4_unicode_ci;
/*!40101 SET character_set_client = @saved_cs_client */;

--
-- Dumping data for table `phpcr_namespaces`
--

LOCK TABLES `phpcr_namespaces` WRITE;
/*!40000 ALTER TABLE `phpcr_namespaces` DISABLE KEYS */;
INSERT INTO `phpcr_namespaces` VALUES ('i18n','http://sulu.io/phpcr/locale'),('phpcrmig','http://www.danteech.com/phpcr-migrations'),('sec','http://sulu.io/phpcr/sec'),('settings','http://sulu.io/phpcr/settings'),('sulu','http://sulu.io/phpcr');
/*!40000 ALTER TABLE `phpcr_namespaces` ENABLE KEYS */;
UNLOCK TABLES;

--
-- Table structure for table `phpcr_nodes`
--

DROP TABLE IF EXISTS `phpcr_nodes`;
/*!40101 SET @saved_cs_client     = @@character_set_client */;
/*!40101 SET character_set_client = utf8 */;
CREATE TABLE `phpcr_nodes` (
  `id` int(11) NOT NULL AUTO_INCREMENT,
  `path` varchar(191) COLLATE utf8mb4_unicode_ci NOT NULL,
  `parent` varchar(191) COLLATE utf8mb4_unicode_ci NOT NULL,
  `local_name` varchar(191) COLLATE utf8mb4_unicode_ci NOT NULL,
  `namespace` varchar(191) COLLATE utf8mb4_unicode_ci NOT NULL,
  `workspace_name` varchar(191) COLLATE utf8mb4_unicode_ci NOT NULL,
  `identifier` varchar(191) COLLATE utf8mb4_unicode_ci NOT NULL,
  `type` varchar(191) COLLATE utf8mb4_unicode_ci NOT NULL,
  `props` longtext COLLATE utf8mb4_unicode_ci NOT NULL,
  `numerical_props` longtext COLLATE utf8mb4_unicode_ci DEFAULT NULL,
  `depth` int(11) NOT NULL,
  `sort_order` int(11) DEFAULT NULL,
  PRIMARY KEY (`id`),
  UNIQUE KEY `UNIQ_A4624AD7B548B0F1AC10DC4` (`path`,`workspace_name`),
  UNIQUE KEY `UNIQ_A4624AD7772E836A1AC10DC4` (`identifier`,`workspace_name`),
  KEY `IDX_A4624AD73D8E604F` (`parent`),
  KEY `IDX_A4624AD78CDE5729` (`type`),
  KEY `IDX_A4624AD7623C14D533E16B56` (`local_name`,`namespace`)
) ENGINE=InnoDB AUTO_INCREMENT=39 DEFAULT CHARSET=utf8mb4 COLLATE=utf8mb4_unicode_ci;
/*!40101 SET character_set_client = @saved_cs_client */;

--
-- Dumping data for table `phpcr_nodes`
--

LOCK TABLES `phpcr_nodes` WRITE;
/*!40000 ALTER TABLE `phpcr_nodes` DISABLE KEYS */;
INSERT INTO `phpcr_nodes` VALUES (1,'/','','','','default','90b4b293-1b6c-4eb4-97ec-dcd124054ac6','nt:unstructured','<?xml version=\"1.0\" encoding=\"UTF-8\"?>\n<sv:node xmlns:mix=\"http://www.jcp.org/jcr/mix/1.0\" xmlns:nt=\"http://www.jcp.org/jcr/nt/1.0\" xmlns:xs=\"http://www.w3.org/2001/XMLSchema\" xmlns:jcr=\"http://www.jcp.org/jcr/1.0\" xmlns:sv=\"http://www.jcp.org/jcr/sv/1.0\" xmlns:rep=\"internal\"><sv:property sv:name=\"jcr:primaryType\" sv:type=\"Name\" sv:multi-valued=\"0\"><sv:value length=\"15\">nt:unstructured</sv:value></sv:property></sv:node>\n',NULL,0,NULL),(2,'/','','','','default_live','b03e85a9-60d5-4ff3-9bdb-a256e3637f19','nt:unstructured','<?xml version=\"1.0\" encoding=\"UTF-8\"?>\n<sv:node xmlns:mix=\"http://www.jcp.org/jcr/mix/1.0\" xmlns:nt=\"http://www.jcp.org/jcr/nt/1.0\" xmlns:xs=\"http://www.w3.org/2001/XMLSchema\" xmlns:jcr=\"http://www.jcp.org/jcr/1.0\" xmlns:sv=\"http://www.jcp.org/jcr/sv/1.0\" xmlns:rep=\"internal\"><sv:property sv:name=\"jcr:primaryType\" sv:type=\"Name\" sv:multi-valued=\"0\"><sv:value length=\"15\">nt:unstructured</sv:value></sv:property></sv:node>\n',NULL,0,NULL),(3,'/cmf','/','cmf','','default','e594f102-598c-471e-8434-cba19b9f457b','nt:unstructured','<?xml version=\"1.0\" encoding=\"UTF-8\"?>\n<sv:node xmlns:mix=\"http://www.jcp.org/jcr/mix/1.0\" xmlns:nt=\"http://www.jcp.org/jcr/nt/1.0\" xmlns:xs=\"http://www.w3.org/2001/XMLSchema\" xmlns:jcr=\"http://www.jcp.org/jcr/1.0\" xmlns:sv=\"http://www.jcp.org/jcr/sv/1.0\" xmlns:rep=\"internal\"><sv:property sv:name=\"jcr:primaryType\" sv:type=\"Name\" sv:multi-valued=\"0\"><sv:value length=\"15\">nt:unstructured</sv:value></sv:property><sv:property sv:name=\"jcr:mixinTypes\" sv:type=\"Name\" sv:multi-valued=\"1\"><sv:value length=\"17\">mix:referenceable</sv:value></sv:property><sv:property sv:name=\"jcr:uuid\" sv:type=\"String\" sv:multi-valued=\"0\"><sv:value length=\"36\">e594f102-598c-471e-8434-cba19b9f457b</sv:value></sv:property></sv:node>\n',NULL,1,1),(4,'/cmf/example','/cmf','example','','default','39a7c330-6b8c-4b50-8be7-a3a2f9ce0fde','nt:unstructured','<?xml version=\"1.0\" encoding=\"UTF-8\"?>\n<sv:node xmlns:mix=\"http://www.jcp.org/jcr/mix/1.0\" xmlns:nt=\"http://www.jcp.org/jcr/nt/1.0\" xmlns:xs=\"http://www.w3.org/2001/XMLSchema\" xmlns:jcr=\"http://www.jcp.org/jcr/1.0\" xmlns:sv=\"http://www.jcp.org/jcr/sv/1.0\" xmlns:rep=\"internal\"><sv:property sv:name=\"jcr:primaryType\" sv:type=\"Name\" sv:multi-valued=\"0\"><sv:value length=\"15\">nt:unstructured</sv:value></sv:property><sv:property sv:name=\"jcr:mixinTypes\" sv:type=\"Name\" sv:multi-valued=\"1\"><sv:value length=\"17\">mix:referenceable</sv:value></sv:property><sv:property sv:name=\"jcr:uuid\" sv:type=\"String\" sv:multi-valued=\"0\"><sv:value length=\"36\">39a7c330-6b8c-4b50-8be7-a3a2f9ce0fde</sv:value></sv:property></sv:node>\n',NULL,2,1),(5,'/cmf/example/contents','/cmf/example','contents','','default','a8462ede-0311-4433-a048-1b00b1df831f','nt:unstructured','<?xml version=\"1.0\" encoding=\"UTF-8\"?>\n<sv:node xmlns:mix=\"http://www.jcp.org/jcr/mix/1.0\" xmlns:nt=\"http://www.jcp.org/jcr/nt/1.0\" xmlns:xs=\"http://www.w3.org/2001/XMLSchema\" xmlns:jcr=\"http://www.jcp.org/jcr/1.0\" xmlns:sv=\"http://www.jcp.org/jcr/sv/1.0\" xmlns:rep=\"internal\"><sv:property sv:name=\"jcr:primaryType\" sv:type=\"Name\" sv:multi-valued=\"0\"><sv:value length=\"15\">nt:unstructured</sv:value></sv:property><sv:property sv:name=\"jcr:mixinTypes\" sv:type=\"Name\" sv:multi-valued=\"1\"><sv:value length=\"9\">sulu:home</sv:value></sv:property><sv:property sv:name=\"jcr:uuid\" sv:type=\"String\" sv:multi-valued=\"0\"><sv:value length=\"36\">a8462ede-0311-4433-a048-1b00b1df831f</sv:value></sv:property><sv:property sv:name=\"i18n:en-title\" sv:type=\"String\" sv:multi-valued=\"0\"><sv:value length=\"8\">Homepage</sv:value></sv:property><sv:property sv:name=\"i18n:en-url\" sv:type=\"String\" sv:multi-valued=\"0\"><sv:value length=\"1\">/</sv:value></sv:property><sv:property sv:name=\"i18n:en-template\" sv:type=\"String\" sv:multi-valued=\"0\"><sv:value length=\"9\">yoga_main</sv:value></sv:property><sv:property sv:name=\"i18n:en-state\" sv:type=\"Long\" sv:multi-valued=\"0\"><sv:value length=\"1\">2</sv:value></sv:property><sv:property sv:name=\"i18n:en-authored\" sv:type=\"Date\" sv:multi-valued=\"0\"><sv:value length=\"29\">2020-11-11T13:05:08.000+00:00</sv:value></sv:property><sv:property sv:name=\"i18n:en-created\" sv:type=\"Date\" sv:multi-valued=\"0\"><sv:value length=\"29\">2020-11-11T13:05:08.240+00:00</sv:value></sv:property><sv:property sv:name=\"i18n:en-changed\" sv:type=\"Date\" sv:multi-valued=\"0\"><sv:value length=\"29\">2020-11-22T16:44:47.937+00:00</sv:value></sv:property><sv:property sv:name=\"i18n:en-navContexts\" sv:type=\"String\" sv:multi-valued=\"1\"/><sv:property sv:name=\"i18n:en-nodeType\" sv:type=\"Long\" sv:multi-valued=\"0\"><sv:value length=\"1\">1</sv:value></sv:property><sv:property sv:name=\"sulu:order\" sv:type=\"Long\" sv:multi-valued=\"0\"><sv:value length=\"2\">20</sv:value></sv:property><sv:property sv:name=\"i18n:en-published\" sv:type=\"Date\" sv:multi-valued=\"0\"><sv:value length=\"29\">2020-11-11T13:05:08.347+00:00</sv:value></sv:property><sv:property sv:name=\"i18n:en-seo-title\" sv:type=\"String\" sv:multi-valued=\"0\"><sv:value length=\"0\"></sv:value></sv:property><sv:property sv:name=\"i18n:en-seo-description\" sv:type=\"String\" sv:multi-valued=\"0\"><sv:value length=\"0\"></sv:value></sv:property><sv:property sv:name=\"i18n:en-seo-keywords\" sv:type=\"String\" sv:multi-valued=\"0\"><sv:value length=\"0\"></sv:value></sv:property><sv:property sv:name=\"i18n:en-seo-canonicalUrl\" sv:type=\"String\" sv:multi-valued=\"0\"><sv:value length=\"0\"></sv:value></sv:property><sv:property sv:name=\"i18n:en-seo-noIndex\" sv:type=\"Boolean\" sv:multi-valued=\"0\"><sv:value length=\"0\">0</sv:value></sv:property><sv:property sv:name=\"i18n:en-seo-noFollow\" sv:type=\"Boolean\" sv:multi-valued=\"0\"><sv:value length=\"0\">0</sv:value></sv:property><sv:property sv:name=\"i18n:en-seo-hideInSitemap\" sv:type=\"Boolean\" sv:multi-valued=\"0\"><sv:value length=\"0\">0</sv:value></sv:property><sv:property sv:name=\"i18n:en-excerpt-description\" sv:type=\"String\" sv:multi-valued=\"0\"><sv:value length=\"0\"></sv:value></sv:property><sv:property sv:name=\"i18n:en-excerpt-categories\" sv:type=\"String\" sv:multi-valued=\"1\"/><sv:property sv:name=\"i18n:en-excerpt-tags\" sv:type=\"String\" sv:multi-valued=\"1\"/><sv:property sv:name=\"i18n:en-excerpt-icon\" sv:type=\"String\" sv:multi-valued=\"0\"><sv:value length=\"10\">{\"ids\":[]}</sv:value></sv:property><sv:property sv:name=\"i18n:en-excerpt-images\" sv:type=\"String\" sv:multi-valued=\"0\"><sv:value length=\"10\">{\"ids\":[]}</sv:value></sv:property><sv:property sv:name=\"i18n:en-article\" sv:type=\"String\" sv:multi-valued=\"0\"><sv:value length=\"444\">&lt;p&gt;Hi there !!!!sfgfdgffgfgrdsfdfsdsfgddsfsdfdsfsdfdsfsdfsdfsdfdsfdfdsfsdfsdfsdfdsfdfdsfsdfsdfsdfdsfdfdsfsdfsdfsdfdsfdfdsfsdfsdfsdfdsfdfdsfsdfsdfsdfdsfdfdsfsdfsdfsdfdsfdfdsfsdfsdfsdfdsfdfdsfsdfsdfsdfdsfdfdsfsdfsdfsdfdsfdfdsfsdfsdfsdfdsfdfdsfsdfsdfsdfdsfdfdsfsdfsdfsdfdsfdfdsfsdfsdfsdfdsfdfdsfsdfsdfsdfdsfdfdsfsdfsdfsdfdsfdfdsfsdfsdfsdfdsfdfdsfsdfsdfsdfdsfdfdsfsdfsdfsdfdsfdfdsfsdfsdfsdfdsfdfdsfsdfsdfsdfdsfdfdsfsdfsdfsdfdsfdfdsfsdfsdfsdfdsf&lt;/p&gt;</sv:value></sv:property><sv:property sv:name=\"i18n:en-creator\" sv:type=\"Long\" sv:multi-valued=\"0\"><sv:value length=\"1\">1</sv:value></sv:property><sv:property sv:name=\"i18n:en-changer\" sv:type=\"Long\" sv:multi-valued=\"0\"><sv:value length=\"1\">1</sv:value></sv:property><sv:property sv:name=\"i18n:en-author\" sv:type=\"String\" sv:multi-valued=\"0\"><sv:value length=\"1\">1</sv:value></sv:property></sv:node>\n','<?xml version=\"1.0\" encoding=\"UTF-8\"?>\n<sv:node xmlns:mix=\"http://www.jcp.org/jcr/mix/1.0\" xmlns:nt=\"http://www.jcp.org/jcr/nt/1.0\" xmlns:xs=\"http://www.w3.org/2001/XMLSchema\" xmlns:jcr=\"http://www.jcp.org/jcr/1.0\" xmlns:sv=\"http://www.jcp.org/jcr/sv/1.0\" xmlns:rep=\"internal\"><sv:property sv:name=\"i18n:en-state\" sv:type=\"Long\" sv:multi-valued=\"0\"><sv:value length=\"1\">2</sv:value></sv:property><sv:property sv:name=\"i18n:en-nodeType\" sv:type=\"Long\" sv:multi-valued=\"0\"><sv:value length=\"1\">1</sv:value></sv:property><sv:property sv:name=\"sulu:order\" sv:type=\"Long\" sv:multi-valued=\"0\"><sv:value length=\"2\">20</sv:value></sv:property><sv:property sv:name=\"i18n:en-creator\" sv:type=\"Long\" sv:multi-valued=\"0\"><sv:value length=\"1\">1</sv:value></sv:property><sv:property sv:name=\"i18n:en-changer\" sv:type=\"Long\" sv:multi-valued=\"0\"><sv:value length=\"1\">1</sv:value></sv:property></sv:node>\n',3,1),(6,'/cmf/example/routes','/cmf/example','routes','','default','676473cc-e5ee-4fcc-8da3-b07d760be2ec','nt:unstructured','<?xml version=\"1.0\" encoding=\"UTF-8\"?>\n<sv:node xmlns:mix=\"http://www.jcp.org/jcr/mix/1.0\" xmlns:nt=\"http://www.jcp.org/jcr/nt/1.0\" xmlns:xs=\"http://www.w3.org/2001/XMLSchema\" xmlns:jcr=\"http://www.jcp.org/jcr/1.0\" xmlns:sv=\"http://www.jcp.org/jcr/sv/1.0\" xmlns:rep=\"internal\"><sv:property sv:name=\"jcr:primaryType\" sv:type=\"Name\" sv:multi-valued=\"0\"><sv:value length=\"15\">nt:unstructured</sv:value></sv:property><sv:property sv:name=\"jcr:mixinTypes\" sv:type=\"Name\" sv:multi-valued=\"1\"><sv:value length=\"17\">mix:referenceable</sv:value></sv:property><sv:property sv:name=\"jcr:uuid\" sv:type=\"String\" sv:multi-valued=\"0\"><sv:value length=\"36\">676473cc-e5ee-4fcc-8da3-b07d760be2ec</sv:value></sv:property></sv:node>\n',NULL,3,2),(7,'/cmf/example/routes/en','/cmf/example/routes','en','','default','c2a736b4-7c5f-458a-bc13-7b2e9130dd41','nt:unstructured','<?xml version=\"1.0\" encoding=\"UTF-8\"?>\n<sv:node xmlns:mix=\"http://www.jcp.org/jcr/mix/1.0\" xmlns:nt=\"http://www.jcp.org/jcr/nt/1.0\" xmlns:xs=\"http://www.w3.org/2001/XMLSchema\" xmlns:jcr=\"http://www.jcp.org/jcr/1.0\" xmlns:sv=\"http://www.jcp.org/jcr/sv/1.0\" xmlns:rep=\"internal\"><sv:property sv:name=\"jcr:primaryType\" sv:type=\"Name\" sv:multi-valued=\"0\"><sv:value length=\"15\">nt:unstructured</sv:value></sv:property><sv:property sv:name=\"jcr:mixinTypes\" sv:type=\"Name\" sv:multi-valued=\"1\"><sv:value length=\"9\">sulu:path</sv:value></sv:property><sv:property sv:name=\"jcr:uuid\" sv:type=\"String\" sv:multi-valued=\"0\"><sv:value length=\"36\">c2a736b4-7c5f-458a-bc13-7b2e9130dd41</sv:value></sv:property><sv:property sv:name=\"sulu:history\" sv:type=\"Boolean\" sv:multi-valued=\"0\"><sv:value length=\"0\">0</sv:value></sv:property><sv:property sv:name=\"sulu:created\" sv:type=\"Date\" sv:multi-valued=\"0\"><sv:value length=\"29\">2020-11-11T13:05:08.353+00:00</sv:value></sv:property><sv:property sv:name=\"sulu:changed\" sv:type=\"Date\" sv:multi-valued=\"0\"><sv:value length=\"29\">2020-11-11T13:05:08.353+00:00</sv:value></sv:property><sv:property sv:name=\"sulu:content\" sv:type=\"Reference\" sv:multi-valued=\"0\"><sv:value length=\"36\">a8462ede-0311-4433-a048-1b00b1df831f</sv:value></sv:property></sv:node>\n',NULL,4,1),(8,'/cmf','/','cmf','','default_live','e594f102-598c-471e-8434-cba19b9f457b','nt:unstructured','<?xml version=\"1.0\" encoding=\"UTF-8\"?>\n<sv:node xmlns:mix=\"http://www.jcp.org/jcr/mix/1.0\" xmlns:nt=\"http://www.jcp.org/jcr/nt/1.0\" xmlns:xs=\"http://www.w3.org/2001/XMLSchema\" xmlns:jcr=\"http://www.jcp.org/jcr/1.0\" xmlns:sv=\"http://www.jcp.org/jcr/sv/1.0\" xmlns:rep=\"internal\"><sv:property sv:name=\"jcr:primaryType\" sv:type=\"Name\" sv:multi-valued=\"0\"><sv:value length=\"15\">nt:unstructured</sv:value></sv:property><sv:property sv:name=\"jcr:mixinTypes\" sv:type=\"Name\" sv:multi-valued=\"1\"><sv:value length=\"17\">mix:referenceable</sv:value></sv:property><sv:property sv:name=\"jcr:uuid\" sv:type=\"String\" sv:multi-valued=\"0\"><sv:value length=\"36\">e594f102-598c-471e-8434-cba19b9f457b</sv:value></sv:property></sv:node>\n',NULL,1,2),(9,'/cmf/example','/cmf','example','','default_live','39a7c330-6b8c-4b50-8be7-a3a2f9ce0fde','nt:unstructured','<?xml version=\"1.0\" encoding=\"UTF-8\"?>\n<sv:node xmlns:mix=\"http://www.jcp.org/jcr/mix/1.0\" xmlns:nt=\"http://www.jcp.org/jcr/nt/1.0\" xmlns:xs=\"http://www.w3.org/2001/XMLSchema\" xmlns:jcr=\"http://www.jcp.org/jcr/1.0\" xmlns:sv=\"http://www.jcp.org/jcr/sv/1.0\" xmlns:rep=\"internal\"><sv:property sv:name=\"jcr:primaryType\" sv:type=\"Name\" sv:multi-valued=\"0\"><sv:value length=\"15\">nt:unstructured</sv:value></sv:property><sv:property sv:name=\"jcr:mixinTypes\" sv:type=\"Name\" sv:multi-valued=\"1\"><sv:value length=\"17\">mix:referenceable</sv:value></sv:property><sv:property sv:name=\"jcr:uuid\" sv:type=\"String\" sv:multi-valued=\"0\"><sv:value length=\"36\">39a7c330-6b8c-4b50-8be7-a3a2f9ce0fde</sv:value></sv:property></sv:node>\n',NULL,2,2),(10,'/cmf/example/contents','/cmf/example','contents','','default_live','a8462ede-0311-4433-a048-1b00b1df831f','nt:unstructured','<?xml version=\"1.0\" encoding=\"UTF-8\"?>\n<sv:node xmlns:mix=\"http://www.jcp.org/jcr/mix/1.0\" xmlns:nt=\"http://www.jcp.org/jcr/nt/1.0\" xmlns:xs=\"http://www.w3.org/2001/XMLSchema\" xmlns:jcr=\"http://www.jcp.org/jcr/1.0\" xmlns:sv=\"http://www.jcp.org/jcr/sv/1.0\" xmlns:rep=\"internal\"><sv:property sv:name=\"jcr:primaryType\" sv:type=\"Name\" sv:multi-valued=\"0\"><sv:value length=\"15\">nt:unstructured</sv:value></sv:property><sv:property sv:name=\"jcr:mixinTypes\" sv:type=\"Name\" sv:multi-valued=\"1\"><sv:value length=\"17\">mix:referenceable</sv:value><sv:value length=\"9\">sulu:home</sv:value></sv:property><sv:property sv:name=\"jcr:uuid\" sv:type=\"String\" sv:multi-valued=\"0\"><sv:value length=\"36\">a8462ede-0311-4433-a048-1b00b1df831f</sv:value></sv:property><sv:property sv:name=\"i18n:en-title\" sv:type=\"String\" sv:multi-valued=\"0\"><sv:value length=\"8\">Homepage</sv:value></sv:property><sv:property sv:name=\"i18n:en-seo-title\" sv:type=\"String\" sv:multi-valued=\"0\"><sv:value length=\"0\"></sv:value></sv:property><sv:property sv:name=\"i18n:en-seo-description\" sv:type=\"String\" sv:multi-valued=\"0\"><sv:value length=\"0\"></sv:value></sv:property><sv:property sv:name=\"i18n:en-seo-keywords\" sv:type=\"String\" sv:multi-valued=\"0\"><sv:value length=\"0\"></sv:value></sv:property><sv:property sv:name=\"i18n:en-seo-canonicalUrl\" sv:type=\"String\" sv:multi-valued=\"0\"><sv:value length=\"0\"></sv:value></sv:property><sv:property sv:name=\"i18n:en-seo-noIndex\" sv:type=\"Boolean\" sv:multi-valued=\"0\"><sv:value length=\"0\">0</sv:value></sv:property><sv:property sv:name=\"i18n:en-seo-noFollow\" sv:type=\"Boolean\" sv:multi-valued=\"0\"><sv:value length=\"0\">0</sv:value></sv:property><sv:property sv:name=\"i18n:en-seo-hideInSitemap\" sv:type=\"Boolean\" sv:multi-valued=\"0\"><sv:value length=\"0\">0</sv:value></sv:property><sv:property sv:name=\"i18n:en-excerpt-description\" sv:type=\"String\" sv:multi-valued=\"0\"><sv:value length=\"0\"></sv:value></sv:property><sv:property sv:name=\"i18n:en-excerpt-categories\" sv:type=\"String\" sv:multi-valued=\"1\"/><sv:property sv:name=\"i18n:en-excerpt-tags\" sv:type=\"String\" sv:multi-valued=\"1\"/><sv:property sv:name=\"i18n:en-excerpt-icon\" sv:type=\"String\" sv:multi-valued=\"0\"><sv:value length=\"10\">{\"ids\":[]}</sv:value></sv:property><sv:property sv:name=\"i18n:en-excerpt-images\" sv:type=\"String\" sv:multi-valued=\"0\"><sv:value length=\"10\">{\"ids\":[]}</sv:value></sv:property><sv:property sv:name=\"i18n:en-url\" sv:type=\"String\" sv:multi-valued=\"0\"><sv:value length=\"1\">/</sv:value></sv:property><sv:property sv:name=\"i18n:en-template\" sv:type=\"String\" sv:multi-valued=\"0\"><sv:value length=\"9\">yoga_main</sv:value></sv:property><sv:property sv:name=\"i18n:en-state\" sv:type=\"Long\" sv:multi-valued=\"0\"><sv:value length=\"1\">2</sv:value></sv:property><sv:property sv:name=\"i18n:en-published\" sv:type=\"Date\" sv:multi-valued=\"0\"><sv:value length=\"29\">2020-11-11T13:05:08.347+00:00</sv:value></sv:property><sv:property sv:name=\"i18n:en-authored\" sv:type=\"Date\" sv:multi-valued=\"0\"><sv:value length=\"29\">2020-11-11T13:05:08.000+00:00</sv:value></sv:property><sv:property sv:name=\"i18n:en-created\" sv:type=\"Date\" sv:multi-valued=\"0\"><sv:value length=\"29\">2020-11-11T13:05:08.240+00:00</sv:value></sv:property><sv:property sv:name=\"i18n:en-changed\" sv:type=\"Date\" sv:multi-valued=\"0\"><sv:value length=\"29\">2020-11-22T16:44:47.937+00:00</sv:value></sv:property><sv:property sv:name=\"i18n:en-navContexts\" sv:type=\"String\" sv:multi-valued=\"1\"/><sv:property sv:name=\"i18n:en-nodeType\" sv:type=\"Long\" sv:multi-valued=\"0\"><sv:value length=\"1\">1</sv:value></sv:property><sv:property sv:name=\"sulu:order\" sv:type=\"Long\" sv:multi-valued=\"0\"><sv:value length=\"2\">20</sv:value></sv:property><sv:property sv:name=\"i18n:en-article\" sv:type=\"String\" sv:multi-valued=\"0\"><sv:value length=\"444\">&lt;p&gt;Hi there !!!!sfgfdgffgfgrdsfdfsdsfgddsfsdfdsfsdfdsfsdfsdfsdfdsfdfdsfsdfsdfsdfdsfdfdsfsdfsdfsdfdsfdfdsfsdfsdfsdfdsfdfdsfsdfsdfsdfdsfdfdsfsdfsdfsdfdsfdfdsfsdfsdfsdfdsfdfdsfsdfsdfsdfdsfdfdsfsdfsdfsdfdsfdfdsfsdfsdfsdfdsfdfdsfsdfsdfsdfdsfdfdsfsdfsdfsdfdsfdfdsfsdfsdfsdfdsfdfdsfsdfsdfsdfdsfdfdsfsdfsdfsdfdsfdfdsfsdfsdfsdfdsfdfdsfsdfsdfsdfdsfdfdsfsdfsdfsdfdsfdfdsfsdfsdfsdfdsfdfdsfsdfsdfsdfdsfdfdsfsdfsdfsdfdsfdfdsfsdfsdfsdfdsfdfdsfsdfsdfsdfdsf&lt;/p&gt;</sv:value></sv:property><sv:property sv:name=\"i18n:en-creator\" sv:type=\"Long\" sv:multi-valued=\"0\"><sv:value length=\"1\">1</sv:value></sv:property><sv:property sv:name=\"i18n:en-changer\" sv:type=\"Long\" sv:multi-valued=\"0\"><sv:value length=\"1\">1</sv:value></sv:property><sv:property sv:name=\"i18n:en-author\" sv:type=\"String\" sv:multi-valued=\"0\"><sv:value length=\"1\">1</sv:value></sv:property></sv:node>\n','<?xml version=\"1.0\" encoding=\"UTF-8\"?>\n<sv:node xmlns:mix=\"http://www.jcp.org/jcr/mix/1.0\" xmlns:nt=\"http://www.jcp.org/jcr/nt/1.0\" xmlns:xs=\"http://www.w3.org/2001/XMLSchema\" xmlns:jcr=\"http://www.jcp.org/jcr/1.0\" xmlns:sv=\"http://www.jcp.org/jcr/sv/1.0\" xmlns:rep=\"internal\"><sv:property sv:name=\"i18n:en-state\" sv:type=\"Long\" sv:multi-valued=\"0\"><sv:value length=\"1\">2</sv:value></sv:property><sv:property sv:name=\"i18n:en-nodeType\" sv:type=\"Long\" sv:multi-valued=\"0\"><sv:value length=\"1\">1</sv:value></sv:property><sv:property sv:name=\"sulu:order\" sv:type=\"Long\" sv:multi-valued=\"0\"><sv:value length=\"2\">20</sv:value></sv:property><sv:property sv:name=\"i18n:en-creator\" sv:type=\"Long\" sv:multi-valued=\"0\"><sv:value length=\"1\">1</sv:value></sv:property><sv:property sv:name=\"i18n:en-changer\" sv:type=\"Long\" sv:multi-valued=\"0\"><sv:value length=\"1\">1</sv:value></sv:property></sv:node>\n',3,3),(11,'/cmf/example/routes','/cmf/example','routes','','default_live','676473cc-e5ee-4fcc-8da3-b07d760be2ec','nt:unstructured','<?xml version=\"1.0\" encoding=\"UTF-8\"?>\n<sv:node xmlns:mix=\"http://www.jcp.org/jcr/mix/1.0\" xmlns:nt=\"http://www.jcp.org/jcr/nt/1.0\" xmlns:xs=\"http://www.w3.org/2001/XMLSchema\" xmlns:jcr=\"http://www.jcp.org/jcr/1.0\" xmlns:sv=\"http://www.jcp.org/jcr/sv/1.0\" xmlns:rep=\"internal\"><sv:property sv:name=\"jcr:primaryType\" sv:type=\"Name\" sv:multi-valued=\"0\"><sv:value length=\"15\">nt:unstructured</sv:value></sv:property><sv:property sv:name=\"jcr:mixinTypes\" sv:type=\"Name\" sv:multi-valued=\"1\"><sv:value length=\"17\">mix:referenceable</sv:value></sv:property><sv:property sv:name=\"jcr:uuid\" sv:type=\"String\" sv:multi-valued=\"0\"><sv:value length=\"36\">676473cc-e5ee-4fcc-8da3-b07d760be2ec</sv:value></sv:property></sv:node>\n',NULL,3,4),(12,'/cmf/example/routes/en','/cmf/example/routes','en','','default_live','c2a736b4-7c5f-458a-bc13-7b2e9130dd41','nt:unstructured','<?xml version=\"1.0\" encoding=\"UTF-8\"?>\n<sv:node xmlns:mix=\"http://www.jcp.org/jcr/mix/1.0\" xmlns:nt=\"http://www.jcp.org/jcr/nt/1.0\" xmlns:xs=\"http://www.w3.org/2001/XMLSchema\" xmlns:jcr=\"http://www.jcp.org/jcr/1.0\" xmlns:sv=\"http://www.jcp.org/jcr/sv/1.0\" xmlns:rep=\"internal\"><sv:property sv:name=\"jcr:primaryType\" sv:type=\"Name\" sv:multi-valued=\"0\"><sv:value length=\"15\">nt:unstructured</sv:value></sv:property><sv:property sv:name=\"jcr:mixinTypes\" sv:type=\"Name\" sv:multi-valued=\"1\"><sv:value length=\"17\">mix:referenceable</sv:value><sv:value length=\"9\">sulu:path</sv:value></sv:property><sv:property sv:name=\"jcr:uuid\" sv:type=\"String\" sv:multi-valued=\"0\"><sv:value length=\"36\">c2a736b4-7c5f-458a-bc13-7b2e9130dd41</sv:value></sv:property><sv:property sv:name=\"sulu:history\" sv:type=\"Boolean\" sv:multi-valued=\"0\"><sv:value length=\"0\">0</sv:value></sv:property><sv:property sv:name=\"sulu:created\" sv:type=\"Date\" sv:multi-valued=\"0\"><sv:value length=\"29\">2020-11-11T13:05:08.353+00:00</sv:value></sv:property><sv:property sv:name=\"sulu:changed\" sv:type=\"Date\" sv:multi-valued=\"0\"><sv:value length=\"29\">2020-11-11T13:05:08.353+00:00</sv:value></sv:property><sv:property sv:name=\"sulu:content\" sv:type=\"Reference\" sv:multi-valued=\"0\"><sv:value length=\"36\">a8462ede-0311-4433-a048-1b00b1df831f</sv:value></sv:property></sv:node>\n',NULL,4,2),(13,'/cmf/snippets','/cmf','snippets','','default','74029b8e-1a68-4268-a355-4fa516f762a3','nt:unstructured','<?xml version=\"1.0\" encoding=\"UTF-8\"?>\n<sv:node xmlns:mix=\"http://www.jcp.org/jcr/mix/1.0\" xmlns:nt=\"http://www.jcp.org/jcr/nt/1.0\" xmlns:xs=\"http://www.w3.org/2001/XMLSchema\" xmlns:jcr=\"http://www.jcp.org/jcr/1.0\" xmlns:sv=\"http://www.jcp.org/jcr/sv/1.0\" xmlns:rep=\"internal\"><sv:property sv:name=\"jcr:primaryType\" sv:type=\"Name\" sv:multi-valued=\"0\"><sv:value length=\"15\">nt:unstructured</sv:value></sv:property></sv:node>\n',NULL,2,3),(14,'/cmf/snippets','/cmf','snippets','','default_live','c1d87f17-f33e-4ae3-81df-59d92b6ccde8','nt:unstructured','<?xml version=\"1.0\" encoding=\"UTF-8\"?>\n<sv:node xmlns:mix=\"http://www.jcp.org/jcr/mix/1.0\" xmlns:nt=\"http://www.jcp.org/jcr/nt/1.0\" xmlns:xs=\"http://www.w3.org/2001/XMLSchema\" xmlns:jcr=\"http://www.jcp.org/jcr/1.0\" xmlns:sv=\"http://www.jcp.org/jcr/sv/1.0\" xmlns:rep=\"internal\"><sv:property sv:name=\"jcr:primaryType\" sv:type=\"Name\" sv:multi-valued=\"0\"><sv:value length=\"15\">nt:unstructured</sv:value></sv:property></sv:node>\n',NULL,2,4),(15,'/cmf/example/custom-urls','/cmf/example','custom-urls','','default','0385eb79-e985-4ea7-a4a1-b3704418d2fc','nt:unstructured','<?xml version=\"1.0\" encoding=\"UTF-8\"?>\n<sv:node xmlns:mix=\"http://www.jcp.org/jcr/mix/1.0\" xmlns:nt=\"http://www.jcp.org/jcr/nt/1.0\" xmlns:xs=\"http://www.w3.org/2001/XMLSchema\" xmlns:jcr=\"http://www.jcp.org/jcr/1.0\" xmlns:sv=\"http://www.jcp.org/jcr/sv/1.0\" xmlns:rep=\"internal\"><sv:property sv:name=\"jcr:primaryType\" sv:type=\"Name\" sv:multi-valued=\"0\"><sv:value length=\"15\">nt:unstructured</sv:value></sv:property><sv:property sv:name=\"jcr:mixinTypes\" sv:type=\"Name\" sv:multi-valued=\"1\"><sv:value length=\"17\">mix:referenceable</sv:value></sv:property><sv:property sv:name=\"jcr:uuid\" sv:type=\"String\" sv:multi-valued=\"0\"><sv:value length=\"36\">0385eb79-e985-4ea7-a4a1-b3704418d2fc</sv:value></sv:property></sv:node>\n',NULL,3,5),(16,'/cmf/example/custom-urls/items','/cmf/example/custom-urls','items','','default','9ceb3e2b-94b0-4ffe-86cd-94b64919d0ed','nt:unstructured','<?xml version=\"1.0\" encoding=\"UTF-8\"?>\n<sv:node xmlns:mix=\"http://www.jcp.org/jcr/mix/1.0\" xmlns:nt=\"http://www.jcp.org/jcr/nt/1.0\" xmlns:xs=\"http://www.w3.org/2001/XMLSchema\" xmlns:jcr=\"http://www.jcp.org/jcr/1.0\" xmlns:sv=\"http://www.jcp.org/jcr/sv/1.0\" xmlns:rep=\"internal\"><sv:property sv:name=\"jcr:primaryType\" sv:type=\"Name\" sv:multi-valued=\"0\"><sv:value length=\"15\">nt:unstructured</sv:value></sv:property><sv:property sv:name=\"jcr:mixinTypes\" sv:type=\"Name\" sv:multi-valued=\"1\"><sv:value length=\"17\">mix:referenceable</sv:value></sv:property><sv:property sv:name=\"jcr:uuid\" sv:type=\"String\" sv:multi-valued=\"0\"><sv:value length=\"36\">9ceb3e2b-94b0-4ffe-86cd-94b64919d0ed</sv:value></sv:property></sv:node>\n',NULL,4,1),(17,'/cmf/example/custom-urls/routes','/cmf/example/custom-urls','routes','','default','51eb0b23-78b5-4478-8280-14ded65b308e','nt:unstructured','<?xml version=\"1.0\" encoding=\"UTF-8\"?>\n<sv:node xmlns:mix=\"http://www.jcp.org/jcr/mix/1.0\" xmlns:nt=\"http://www.jcp.org/jcr/nt/1.0\" xmlns:xs=\"http://www.w3.org/2001/XMLSchema\" xmlns:jcr=\"http://www.jcp.org/jcr/1.0\" xmlns:sv=\"http://www.jcp.org/jcr/sv/1.0\" xmlns:rep=\"internal\"><sv:property sv:name=\"jcr:primaryType\" sv:type=\"Name\" sv:multi-valued=\"0\"><sv:value length=\"15\">nt:unstructured</sv:value></sv:property><sv:property sv:name=\"jcr:mixinTypes\" sv:type=\"Name\" sv:multi-valued=\"1\"><sv:value length=\"17\">mix:referenceable</sv:value></sv:property><sv:property sv:name=\"jcr:uuid\" sv:type=\"String\" sv:multi-valued=\"0\"><sv:value length=\"36\">51eb0b23-78b5-4478-8280-14ded65b308e</sv:value></sv:property></sv:node>\n',NULL,4,2),(18,'/jcr:versions','/','versions','http://www.jcp.org/jcr/1.0','default','7949b748-95a9-442e-8358-46b0c90f4b64','phpcrmig:versions','<?xml version=\"1.0\" encoding=\"UTF-8\"?>\n<sv:node xmlns:mix=\"http://www.jcp.org/jcr/mix/1.0\" xmlns:nt=\"http://www.jcp.org/jcr/nt/1.0\" xmlns:xs=\"http://www.w3.org/2001/XMLSchema\" xmlns:jcr=\"http://www.jcp.org/jcr/1.0\" xmlns:sv=\"http://www.jcp.org/jcr/sv/1.0\" xmlns:rep=\"internal\"><sv:property sv:name=\"jcr:primaryType\" sv:type=\"Name\" sv:multi-valued=\"0\"><sv:value length=\"17\">phpcrmig:versions</sv:value></sv:property></sv:node>\n',NULL,1,3),(19,'/jcr:versions/201504271608','/jcr:versions','201504271608','','default','e45b23d7-9451-4ec3-a37a-daf576e5abda','phpcrmig:version','<?xml version=\"1.0\" encoding=\"UTF-8\"?>\n<sv:node xmlns:mix=\"http://www.jcp.org/jcr/mix/1.0\" xmlns:nt=\"http://www.jcp.org/jcr/nt/1.0\" xmlns:xs=\"http://www.w3.org/2001/XMLSchema\" xmlns:jcr=\"http://www.jcp.org/jcr/1.0\" xmlns:sv=\"http://www.jcp.org/jcr/sv/1.0\" xmlns:rep=\"internal\"><sv:property sv:name=\"jcr:primaryType\" sv:type=\"Name\" sv:multi-valued=\"0\"><sv:value length=\"16\">phpcrmig:version</sv:value></sv:property><sv:property sv:name=\"jcr:createdBy\" sv:type=\"String\" sv:multi-valued=\"0\"><sv:value length=\"5\">admin</sv:value></sv:property><sv:property sv:name=\"jcr:created\" sv:type=\"Date\" sv:multi-valued=\"0\"><sv:value length=\"29\">2020-11-11T13:05:08.457+00:00</sv:value></sv:property></sv:node>\n',NULL,2,1),(20,'/jcr:versions/201504281842','/jcr:versions','201504281842','','default','d0695685-42a6-41e2-9c8e-f68ec9365d45','phpcrmig:version','<?xml version=\"1.0\" encoding=\"UTF-8\"?>\n<sv:node xmlns:mix=\"http://www.jcp.org/jcr/mix/1.0\" xmlns:nt=\"http://www.jcp.org/jcr/nt/1.0\" xmlns:xs=\"http://www.w3.org/2001/XMLSchema\" xmlns:jcr=\"http://www.jcp.org/jcr/1.0\" xmlns:sv=\"http://www.jcp.org/jcr/sv/1.0\" xmlns:rep=\"internal\"><sv:property sv:name=\"jcr:primaryType\" sv:type=\"Name\" sv:multi-valued=\"0\"><sv:value length=\"16\">phpcrmig:version</sv:value></sv:property><sv:property sv:name=\"jcr:createdBy\" sv:type=\"String\" sv:multi-valued=\"0\"><sv:value length=\"5\">admin</sv:value></sv:property><sv:property sv:name=\"jcr:created\" sv:type=\"Date\" sv:multi-valued=\"0\"><sv:value length=\"29\">2020-11-11T13:05:08.460+00:00</sv:value></sv:property></sv:node>\n',NULL,2,2),(21,'/jcr:versions/201507231648','/jcr:versions','201507231648','','default','c9b15806-964a-451f-8da7-571e58d6029c','phpcrmig:version','<?xml version=\"1.0\" encoding=\"UTF-8\"?>\n<sv:node xmlns:mix=\"http://www.jcp.org/jcr/mix/1.0\" xmlns:nt=\"http://www.jcp.org/jcr/nt/1.0\" xmlns:xs=\"http://www.w3.org/2001/XMLSchema\" xmlns:jcr=\"http://www.jcp.org/jcr/1.0\" xmlns:sv=\"http://www.jcp.org/jcr/sv/1.0\" xmlns:rep=\"internal\"><sv:property sv:name=\"jcr:primaryType\" sv:type=\"Name\" sv:multi-valued=\"0\"><sv:value length=\"16\">phpcrmig:version</sv:value></sv:property><sv:property sv:name=\"jcr:createdBy\" sv:type=\"String\" sv:multi-valued=\"0\"><sv:value length=\"5\">admin</sv:value></sv:property><sv:property sv:name=\"jcr:created\" sv:type=\"Date\" sv:multi-valued=\"0\"><sv:value length=\"29\">2020-11-11T13:05:08.461+00:00</sv:value></sv:property></sv:node>\n',NULL,2,3),(22,'/jcr:versions/201507281529','/jcr:versions','201507281529','','default','664521b9-f75f-4a08-add7-4526d327147e','phpcrmig:version','<?xml version=\"1.0\" encoding=\"UTF-8\"?>\n<sv:node xmlns:mix=\"http://www.jcp.org/jcr/mix/1.0\" xmlns:nt=\"http://www.jcp.org/jcr/nt/1.0\" xmlns:xs=\"http://www.w3.org/2001/XMLSchema\" xmlns:jcr=\"http://www.jcp.org/jcr/1.0\" xmlns:sv=\"http://www.jcp.org/jcr/sv/1.0\" xmlns:rep=\"internal\"><sv:property sv:name=\"jcr:primaryType\" sv:type=\"Name\" sv:multi-valued=\"0\"><sv:value length=\"16\">phpcrmig:version</sv:value></sv:property><sv:property sv:name=\"jcr:createdBy\" sv:type=\"String\" sv:multi-valued=\"0\"><sv:value length=\"5\">admin</sv:value></sv:property><sv:property sv:name=\"jcr:created\" sv:type=\"Date\" sv:multi-valued=\"0\"><sv:value length=\"29\">2020-11-11T13:05:08.462+00:00</sv:value></sv:property></sv:node>\n',NULL,2,4),(23,'/jcr:versions/201510210733','/jcr:versions','201510210733','','default','a4b223dd-8b6b-4444-a8e7-cadb92a4922f','phpcrmig:version','<?xml version=\"1.0\" encoding=\"UTF-8\"?>\n<sv:node xmlns:mix=\"http://www.jcp.org/jcr/mix/1.0\" xmlns:nt=\"http://www.jcp.org/jcr/nt/1.0\" xmlns:xs=\"http://www.w3.org/2001/XMLSchema\" xmlns:jcr=\"http://www.jcp.org/jcr/1.0\" xmlns:sv=\"http://www.jcp.org/jcr/sv/1.0\" xmlns:rep=\"internal\"><sv:property sv:name=\"jcr:primaryType\" sv:type=\"Name\" sv:multi-valued=\"0\"><sv:value length=\"16\">phpcrmig:version</sv:value></sv:property><sv:property sv:name=\"jcr:createdBy\" sv:type=\"String\" sv:multi-valued=\"0\"><sv:value length=\"5\">admin</sv:value></sv:property><sv:property sv:name=\"jcr:created\" sv:type=\"Date\" sv:multi-valued=\"0\"><sv:value length=\"29\">2020-11-11T13:05:08.462+00:00</sv:value></sv:property></sv:node>\n',NULL,2,5),(24,'/jcr:versions/201511171538','/jcr:versions','201511171538','','default','16ad1dea-2323-4bad-bac9-9207981b9352','phpcrmig:version','<?xml version=\"1.0\" encoding=\"UTF-8\"?>\n<sv:node xmlns:mix=\"http://www.jcp.org/jcr/mix/1.0\" xmlns:nt=\"http://www.jcp.org/jcr/nt/1.0\" xmlns:xs=\"http://www.w3.org/2001/XMLSchema\" xmlns:jcr=\"http://www.jcp.org/jcr/1.0\" xmlns:sv=\"http://www.jcp.org/jcr/sv/1.0\" xmlns:rep=\"internal\"><sv:property sv:name=\"jcr:primaryType\" sv:type=\"Name\" sv:multi-valued=\"0\"><sv:value length=\"16\">phpcrmig:version</sv:value></sv:property><sv:property sv:name=\"jcr:createdBy\" sv:type=\"String\" sv:multi-valued=\"0\"><sv:value length=\"5\">admin</sv:value></sv:property><sv:property sv:name=\"jcr:created\" sv:type=\"Date\" sv:multi-valued=\"0\"><sv:value length=\"29\">2020-11-11T13:05:08.463+00:00</sv:value></sv:property></sv:node>\n',NULL,2,6),(25,'/jcr:versions/201511240843','/jcr:versions','201511240843','','default','91f21d88-e248-40f5-872f-ecee5f2c23ec','phpcrmig:version','<?xml version=\"1.0\" encoding=\"UTF-8\"?>\n<sv:node xmlns:mix=\"http://www.jcp.org/jcr/mix/1.0\" xmlns:nt=\"http://www.jcp.org/jcr/nt/1.0\" xmlns:xs=\"http://www.w3.org/2001/XMLSchema\" xmlns:jcr=\"http://www.jcp.org/jcr/1.0\" xmlns:sv=\"http://www.jcp.org/jcr/sv/1.0\" xmlns:rep=\"internal\"><sv:property sv:name=\"jcr:primaryType\" sv:type=\"Name\" sv:multi-valued=\"0\"><sv:value length=\"16\">phpcrmig:version</sv:value></sv:property><sv:property sv:name=\"jcr:createdBy\" sv:type=\"String\" sv:multi-valued=\"0\"><sv:value length=\"5\">admin</sv:value></sv:property><sv:property sv:name=\"jcr:created\" sv:type=\"Date\" sv:multi-valued=\"0\"><sv:value length=\"29\">2020-11-11T13:05:08.464+00:00</sv:value></sv:property></sv:node>\n',NULL,2,7),(26,'/jcr:versions/201511240844','/jcr:versions','201511240844','','default','cf729696-5f27-448f-a97d-da32d902bcd5','phpcrmig:version','<?xml version=\"1.0\" encoding=\"UTF-8\"?>\n<sv:node xmlns:mix=\"http://www.jcp.org/jcr/mix/1.0\" xmlns:nt=\"http://www.jcp.org/jcr/nt/1.0\" xmlns:xs=\"http://www.w3.org/2001/XMLSchema\" xmlns:jcr=\"http://www.jcp.org/jcr/1.0\" xmlns:sv=\"http://www.jcp.org/jcr/sv/1.0\" xmlns:rep=\"internal\"><sv:property sv:name=\"jcr:primaryType\" sv:type=\"Name\" sv:multi-valued=\"0\"><sv:value length=\"16\">phpcrmig:version</sv:value></sv:property><sv:property sv:name=\"jcr:createdBy\" sv:type=\"String\" sv:multi-valued=\"0\"><sv:value length=\"5\">admin</sv:value></sv:property><sv:property sv:name=\"jcr:created\" sv:type=\"Date\" sv:multi-valued=\"0\"><sv:value length=\"29\">2020-11-11T13:05:08.465+00:00</sv:value></sv:property></sv:node>\n',NULL,2,8),(27,'/jcr:versions/201512090753','/jcr:versions','201512090753','','default','d09893d2-ed61-4e1c-b05c-cb79c24a0bbb','phpcrmig:version','<?xml version=\"1.0\" encoding=\"UTF-8\"?>\n<sv:node xmlns:mix=\"http://www.jcp.org/jcr/mix/1.0\" xmlns:nt=\"http://www.jcp.org/jcr/nt/1.0\" xmlns:xs=\"http://www.w3.org/2001/XMLSchema\" xmlns:jcr=\"http://www.jcp.org/jcr/1.0\" xmlns:sv=\"http://www.jcp.org/jcr/sv/1.0\" xmlns:rep=\"internal\"><sv:property sv:name=\"jcr:primaryType\" sv:type=\"Name\" sv:multi-valued=\"0\"><sv:value length=\"16\">phpcrmig:version</sv:value></sv:property><sv:property sv:name=\"jcr:createdBy\" sv:type=\"String\" sv:multi-valued=\"0\"><sv:value length=\"5\">admin</sv:value></sv:property><sv:property sv:name=\"jcr:created\" sv:type=\"Date\" sv:multi-valued=\"0\"><sv:value length=\"29\">2020-11-11T13:05:08.465+00:00</sv:value></sv:property></sv:node>\n',NULL,2,9),(28,'/jcr:versions/201607181533','/jcr:versions','201607181533','','default','5b3a7cb8-4473-4458-97ce-b1ab4680eb99','phpcrmig:version','<?xml version=\"1.0\" encoding=\"UTF-8\"?>\n<sv:node xmlns:mix=\"http://www.jcp.org/jcr/mix/1.0\" xmlns:nt=\"http://www.jcp.org/jcr/nt/1.0\" xmlns:xs=\"http://www.w3.org/2001/XMLSchema\" xmlns:jcr=\"http://www.jcp.org/jcr/1.0\" xmlns:sv=\"http://www.jcp.org/jcr/sv/1.0\" xmlns:rep=\"internal\"><sv:property sv:name=\"jcr:primaryType\" sv:type=\"Name\" sv:multi-valued=\"0\"><sv:value length=\"16\">phpcrmig:version</sv:value></sv:property><sv:property sv:name=\"jcr:createdBy\" sv:type=\"String\" sv:multi-valued=\"0\"><sv:value length=\"5\">admin</sv:value></sv:property><sv:property sv:name=\"jcr:created\" sv:type=\"Date\" sv:multi-valued=\"0\"><sv:value length=\"29\">2020-11-11T13:05:08.466+00:00</sv:value></sv:property></sv:node>\n',NULL,2,10),(29,'/jcr:versions/201702021447','/jcr:versions','201702021447','','default','7bb33724-0966-44f5-8456-1842cd76adf8','phpcrmig:version','<?xml version=\"1.0\" encoding=\"UTF-8\"?>\n<sv:node xmlns:mix=\"http://www.jcp.org/jcr/mix/1.0\" xmlns:nt=\"http://www.jcp.org/jcr/nt/1.0\" xmlns:xs=\"http://www.w3.org/2001/XMLSchema\" xmlns:jcr=\"http://www.jcp.org/jcr/1.0\" xmlns:sv=\"http://www.jcp.org/jcr/sv/1.0\" xmlns:rep=\"internal\"><sv:property sv:name=\"jcr:primaryType\" sv:type=\"Name\" sv:multi-valued=\"0\"><sv:value length=\"16\">phpcrmig:version</sv:value></sv:property><sv:property sv:name=\"jcr:createdBy\" sv:type=\"String\" sv:multi-valued=\"0\"><sv:value length=\"5\">admin</sv:value></sv:property><sv:property sv:name=\"jcr:created\" sv:type=\"Date\" sv:multi-valued=\"0\"><sv:value length=\"29\">2020-11-11T13:05:08.467+00:00</sv:value></sv:property></sv:node>\n',NULL,2,11),(30,'/jcr:versions/201903271333','/jcr:versions','201903271333','','default','f6382072-5250-4c3e-abf7-66f27d9c17f0','phpcrmig:version','<?xml version=\"1.0\" encoding=\"UTF-8\"?>\n<sv:node xmlns:mix=\"http://www.jcp.org/jcr/mix/1.0\" xmlns:nt=\"http://www.jcp.org/jcr/nt/1.0\" xmlns:xs=\"http://www.w3.org/2001/XMLSchema\" xmlns:jcr=\"http://www.jcp.org/jcr/1.0\" xmlns:sv=\"http://www.jcp.org/jcr/sv/1.0\" xmlns:rep=\"internal\"><sv:property sv:name=\"jcr:primaryType\" sv:type=\"Name\" sv:multi-valued=\"0\"><sv:value length=\"16\">phpcrmig:version</sv:value></sv:property><sv:property sv:name=\"jcr:createdBy\" sv:type=\"String\" sv:multi-valued=\"0\"><sv:value length=\"5\">admin</sv:value></sv:property><sv:property sv:name=\"jcr:created\" sv:type=\"Date\" sv:multi-valued=\"0\"><sv:value length=\"29\">2020-11-11T13:05:08.467+00:00</sv:value></sv:property></sv:node>\n',NULL,2,12),(31,'/jcr:versions/201904110902','/jcr:versions','201904110902','','default','a413b5df-c70c-4f5c-9670-78856e088e0a','phpcrmig:version','<?xml version=\"1.0\" encoding=\"UTF-8\"?>\n<sv:node xmlns:mix=\"http://www.jcp.org/jcr/mix/1.0\" xmlns:nt=\"http://www.jcp.org/jcr/nt/1.0\" xmlns:xs=\"http://www.w3.org/2001/XMLSchema\" xmlns:jcr=\"http://www.jcp.org/jcr/1.0\" xmlns:sv=\"http://www.jcp.org/jcr/sv/1.0\" xmlns:rep=\"internal\"><sv:property sv:name=\"jcr:primaryType\" sv:type=\"Name\" sv:multi-valued=\"0\"><sv:value length=\"16\">phpcrmig:version</sv:value></sv:property><sv:property sv:name=\"jcr:createdBy\" sv:type=\"String\" sv:multi-valued=\"0\"><sv:value length=\"5\">admin</sv:value></sv:property><sv:property sv:name=\"jcr:created\" sv:type=\"Date\" sv:multi-valued=\"0\"><sv:value length=\"29\">2020-11-11T13:05:08.468+00:00</sv:value></sv:property></sv:node>\n',NULL,2,13),(32,'/jcr:versions/201905071542','/jcr:versions','201905071542','','default','9fcbb603-e953-4c6d-a288-e996fa2e7b6c','phpcrmig:version','<?xml version=\"1.0\" encoding=\"UTF-8\"?>\n<sv:node xmlns:mix=\"http://www.jcp.org/jcr/mix/1.0\" xmlns:nt=\"http://www.jcp.org/jcr/nt/1.0\" xmlns:xs=\"http://www.w3.org/2001/XMLSchema\" xmlns:jcr=\"http://www.jcp.org/jcr/1.0\" xmlns:sv=\"http://www.jcp.org/jcr/sv/1.0\" xmlns:rep=\"internal\"><sv:property sv:name=\"jcr:primaryType\" sv:type=\"Name\" sv:multi-valued=\"0\"><sv:value length=\"16\">phpcrmig:version</sv:value></sv:property><sv:property sv:name=\"jcr:createdBy\" sv:type=\"String\" sv:multi-valued=\"0\"><sv:value length=\"5\">admin</sv:value></sv:property><sv:property sv:name=\"jcr:created\" sv:type=\"Date\" sv:multi-valued=\"0\"><sv:value length=\"29\">2020-11-11T13:05:08.468+00:00</sv:value></sv:property></sv:node>\n',NULL,2,14),(33,'/jcr:versions/202005191116','/jcr:versions','202005191116','','default','6cc6a572-655b-4be6-ad76-a39957ec72b3','phpcrmig:version','<?xml version=\"1.0\" encoding=\"UTF-8\"?>\n<sv:node xmlns:mix=\"http://www.jcp.org/jcr/mix/1.0\" xmlns:nt=\"http://www.jcp.org/jcr/nt/1.0\" xmlns:xs=\"http://www.w3.org/2001/XMLSchema\" xmlns:jcr=\"http://www.jcp.org/jcr/1.0\" xmlns:sv=\"http://www.jcp.org/jcr/sv/1.0\" xmlns:rep=\"internal\"><sv:property sv:name=\"jcr:primaryType\" sv:type=\"Name\" sv:multi-valued=\"0\"><sv:value length=\"16\">phpcrmig:version</sv:value></sv:property><sv:property sv:name=\"jcr:createdBy\" sv:type=\"String\" sv:multi-valued=\"0\"><sv:value length=\"5\">admin</sv:value></sv:property><sv:property sv:name=\"jcr:created\" sv:type=\"Date\" sv:multi-valued=\"0\"><sv:value length=\"29\">2020-11-11T13:05:08.469+00:00</sv:value></sv:property></sv:node>\n',NULL,2,15),(34,'/jcr:versions/202005250917','/jcr:versions','202005250917','','default','10feab08-de11-4f69-9abc-9253fcb0fd92','phpcrmig:version','<?xml version=\"1.0\" encoding=\"UTF-8\"?>\n<sv:node xmlns:mix=\"http://www.jcp.org/jcr/mix/1.0\" xmlns:nt=\"http://www.jcp.org/jcr/nt/1.0\" xmlns:xs=\"http://www.w3.org/2001/XMLSchema\" xmlns:jcr=\"http://www.jcp.org/jcr/1.0\" xmlns:sv=\"http://www.jcp.org/jcr/sv/1.0\" xmlns:rep=\"internal\"><sv:property sv:name=\"jcr:primaryType\" sv:type=\"Name\" sv:multi-valued=\"0\"><sv:value length=\"16\">phpcrmig:version</sv:value></sv:property><sv:property sv:name=\"jcr:createdBy\" sv:type=\"String\" sv:multi-valued=\"0\"><sv:value length=\"5\">admin</sv:value></sv:property><sv:property sv:name=\"jcr:created\" sv:type=\"Date\" sv:multi-valued=\"0\"><sv:value length=\"29\">2020-11-11T13:05:08.470+00:00</sv:value></sv:property></sv:node>\n',NULL,2,16),(35,'/cmf/example/contents/main-page','/cmf/example/contents','main-page','','default','4db05b25-e858-47fb-bab8-deda51df8ec1','nt:unstructured','<?xml version=\"1.0\" encoding=\"UTF-8\"?>\n<sv:node xmlns:mix=\"http://www.jcp.org/jcr/mix/1.0\" xmlns:nt=\"http://www.jcp.org/jcr/nt/1.0\" xmlns:xs=\"http://www.w3.org/2001/XMLSchema\" xmlns:jcr=\"http://www.jcp.org/jcr/1.0\" xmlns:sv=\"http://www.jcp.org/jcr/sv/1.0\" xmlns:rep=\"internal\"><sv:property sv:name=\"jcr:primaryType\" sv:type=\"Name\" sv:multi-valued=\"0\"><sv:value length=\"15\">nt:unstructured</sv:value></sv:property><sv:property sv:name=\"jcr:mixinTypes\" sv:type=\"Name\" sv:multi-valued=\"1\"><sv:value length=\"9\">sulu:page</sv:value></sv:property><sv:property sv:name=\"jcr:uuid\" sv:type=\"String\" sv:multi-valued=\"0\"><sv:value length=\"36\">4db05b25-e858-47fb-bab8-deda51df8ec1</sv:value></sv:property><sv:property sv:name=\"i18n:en-title\" sv:type=\"String\" sv:multi-valued=\"0\"><sv:value length=\"9\">Main page</sv:value></sv:property><sv:property sv:name=\"i18n:en-url\" sv:type=\"String\" sv:multi-valued=\"0\"><sv:value length=\"10\">/main-page</sv:value></sv:property><sv:property sv:name=\"i18n:en-template\" sv:type=\"String\" sv:multi-valued=\"0\"><sv:value length=\"8\">homepage</sv:value></sv:property><sv:property sv:name=\"i18n:en-state\" sv:type=\"Long\" sv:multi-valued=\"0\"><sv:value length=\"1\">2</sv:value></sv:property><sv:property sv:name=\"i18n:en-creator\" sv:type=\"Long\" sv:multi-valued=\"0\"><sv:value length=\"1\">1</sv:value></sv:property><sv:property sv:name=\"i18n:en-changer\" sv:type=\"Long\" sv:multi-valued=\"0\"><sv:value length=\"1\">1</sv:value></sv:property><sv:property sv:name=\"i18n:en-authored\" sv:type=\"Date\" sv:multi-valued=\"0\"><sv:value length=\"29\">2020-11-11T15:08:16.691+00:00</sv:value></sv:property><sv:property sv:name=\"i18n:en-author\" sv:type=\"Long\" sv:multi-valued=\"0\"><sv:value length=\"1\">1</sv:value></sv:property><sv:property sv:name=\"i18n:en-created\" sv:type=\"Date\" sv:multi-valued=\"0\"><sv:value length=\"29\">2020-11-11T15:08:16.702+00:00</sv:value></sv:property><sv:property sv:name=\"i18n:en-changed\" sv:type=\"Date\" sv:multi-valued=\"0\"><sv:value length=\"29\">2020-11-11T15:08:16.702+00:00</sv:value></sv:property><sv:property sv:name=\"i18n:en-navContexts\" sv:type=\"String\" sv:multi-valued=\"1\"/><sv:property sv:name=\"i18n:en-nodeType\" sv:type=\"Long\" sv:multi-valued=\"0\"><sv:value length=\"1\">1</sv:value></sv:property><sv:property sv:name=\"sulu:order\" sv:type=\"Long\" sv:multi-valued=\"0\"><sv:value length=\"2\">20</sv:value></sv:property><sv:property sv:name=\"i18n:en-published\" sv:type=\"Date\" sv:multi-valued=\"0\"><sv:value length=\"29\">2020-11-11T15:08:16.786+00:00</sv:value></sv:property></sv:node>\n','<?xml version=\"1.0\" encoding=\"UTF-8\"?>\n<sv:node xmlns:mix=\"http://www.jcp.org/jcr/mix/1.0\" xmlns:nt=\"http://www.jcp.org/jcr/nt/1.0\" xmlns:xs=\"http://www.w3.org/2001/XMLSchema\" xmlns:jcr=\"http://www.jcp.org/jcr/1.0\" xmlns:sv=\"http://www.jcp.org/jcr/sv/1.0\" xmlns:rep=\"internal\"><sv:property sv:name=\"i18n:en-state\" sv:type=\"Long\" sv:multi-valued=\"0\"><sv:value length=\"1\">2</sv:value></sv:property><sv:property sv:name=\"i18n:en-creator\" sv:type=\"Long\" sv:multi-valued=\"0\"><sv:value length=\"1\">1</sv:value></sv:property><sv:property sv:name=\"i18n:en-changer\" sv:type=\"Long\" sv:multi-valued=\"0\"><sv:value length=\"1\">1</sv:value></sv:property><sv:property sv:name=\"i18n:en-author\" sv:type=\"Long\" sv:multi-valued=\"0\"><sv:value length=\"1\">1</sv:value></sv:property><sv:property sv:name=\"i18n:en-nodeType\" sv:type=\"Long\" sv:multi-valued=\"0\"><sv:value length=\"1\">1</sv:value></sv:property><sv:property sv:name=\"sulu:order\" sv:type=\"Long\" sv:multi-valued=\"0\"><sv:value length=\"2\">20</sv:value></sv:property></sv:node>\n',4,1),(36,'/cmf/example/routes/en/main-page','/cmf/example/routes/en','main-page','','default','246a2e85-33c5-458c-ac3d-6e7e5f01512a','nt:unstructured','<?xml version=\"1.0\" encoding=\"UTF-8\"?>\n<sv:node xmlns:mix=\"http://www.jcp.org/jcr/mix/1.0\" xmlns:nt=\"http://www.jcp.org/jcr/nt/1.0\" xmlns:xs=\"http://www.w3.org/2001/XMLSchema\" xmlns:jcr=\"http://www.jcp.org/jcr/1.0\" xmlns:sv=\"http://www.jcp.org/jcr/sv/1.0\" xmlns:rep=\"internal\"><sv:property sv:name=\"jcr:primaryType\" sv:type=\"Name\" sv:multi-valued=\"0\"><sv:value length=\"15\">nt:unstructured</sv:value></sv:property><sv:property sv:name=\"jcr:mixinTypes\" sv:type=\"Name\" sv:multi-valued=\"1\"><sv:value length=\"9\">sulu:path</sv:value></sv:property><sv:property sv:name=\"jcr:uuid\" sv:type=\"String\" sv:multi-valued=\"0\"><sv:value length=\"36\">246a2e85-33c5-458c-ac3d-6e7e5f01512a</sv:value></sv:property><sv:property sv:name=\"sulu:history\" sv:type=\"Boolean\" sv:multi-valued=\"0\"><sv:value length=\"0\">0</sv:value></sv:property><sv:property sv:name=\"sulu:created\" sv:type=\"Date\" sv:multi-valued=\"0\"><sv:value length=\"29\">2020-11-11T15:08:16.790+00:00</sv:value></sv:property><sv:property sv:name=\"sulu:changed\" sv:type=\"Date\" sv:multi-valued=\"0\"><sv:value length=\"29\">2020-11-11T15:08:16.790+00:00</sv:value></sv:property><sv:property sv:name=\"sulu:content\" sv:type=\"Reference\" sv:multi-valued=\"0\"><sv:value length=\"36\">4db05b25-e858-47fb-bab8-deda51df8ec1</sv:value></sv:property></sv:node>\n',NULL,5,1),(37,'/cmf/example/contents/main-page','/cmf/example/contents','main-page','','default_live','4db05b25-e858-47fb-bab8-deda51df8ec1','nt:unstructured','<?xml version=\"1.0\" encoding=\"UTF-8\"?>\n<sv:node xmlns:mix=\"http://www.jcp.org/jcr/mix/1.0\" xmlns:nt=\"http://www.jcp.org/jcr/nt/1.0\" xmlns:xs=\"http://www.w3.org/2001/XMLSchema\" xmlns:jcr=\"http://www.jcp.org/jcr/1.0\" xmlns:sv=\"http://www.jcp.org/jcr/sv/1.0\" xmlns:rep=\"internal\"><sv:property sv:name=\"jcr:primaryType\" sv:type=\"Name\" sv:multi-valued=\"0\"><sv:value length=\"15\">nt:unstructured</sv:value></sv:property><sv:property sv:name=\"jcr:mixinTypes\" sv:type=\"Name\" sv:multi-valued=\"1\"><sv:value length=\"17\">mix:referenceable</sv:value><sv:value length=\"9\">sulu:page</sv:value></sv:property><sv:property sv:name=\"jcr:uuid\" sv:type=\"String\" sv:multi-valued=\"0\"><sv:value length=\"36\">4db05b25-e858-47fb-bab8-deda51df8ec1</sv:value></sv:property><sv:property sv:name=\"i18n:en-title\" sv:type=\"String\" sv:multi-valued=\"0\"><sv:value length=\"9\">Main page</sv:value></sv:property><sv:property sv:name=\"i18n:en-seo-title\" sv:type=\"String\" sv:multi-valued=\"0\"><sv:value length=\"0\"></sv:value></sv:property><sv:property sv:name=\"i18n:en-seo-description\" sv:type=\"String\" sv:multi-valued=\"0\"><sv:value length=\"0\"></sv:value></sv:property><sv:property sv:name=\"i18n:en-seo-keywords\" sv:type=\"String\" sv:multi-valued=\"0\"><sv:value length=\"0\"></sv:value></sv:property><sv:property sv:name=\"i18n:en-seo-canonicalUrl\" sv:type=\"String\" sv:multi-valued=\"0\"><sv:value length=\"0\"></sv:value></sv:property><sv:property sv:name=\"i18n:en-seo-noIndex\" sv:type=\"Boolean\" sv:multi-valued=\"0\"><sv:value length=\"0\">0</sv:value></sv:property><sv:property sv:name=\"i18n:en-seo-noFollow\" sv:type=\"Boolean\" sv:multi-valued=\"0\"><sv:value length=\"0\">0</sv:value></sv:property><sv:property sv:name=\"i18n:en-seo-hideInSitemap\" sv:type=\"Boolean\" sv:multi-valued=\"0\"><sv:value length=\"0\">0</sv:value></sv:property><sv:property sv:name=\"i18n:en-excerpt-description\" sv:type=\"String\" sv:multi-valued=\"0\"><sv:value length=\"0\"></sv:value></sv:property><sv:property sv:name=\"i18n:en-excerpt-categories\" sv:type=\"String\" sv:multi-valued=\"1\"/><sv:property sv:name=\"i18n:en-excerpt-tags\" sv:type=\"String\" sv:multi-valued=\"1\"/><sv:property sv:name=\"i18n:en-excerpt-icon\" sv:type=\"String\" sv:multi-valued=\"0\"><sv:value length=\"10\">{\"ids\":[]}</sv:value></sv:property><sv:property sv:name=\"i18n:en-excerpt-images\" sv:type=\"String\" sv:multi-valued=\"0\"><sv:value length=\"10\">{\"ids\":[]}</sv:value></sv:property><sv:property sv:name=\"i18n:en-url\" sv:type=\"String\" sv:multi-valued=\"0\"><sv:value length=\"10\">/main-page</sv:value></sv:property><sv:property sv:name=\"i18n:en-template\" sv:type=\"String\" sv:multi-valued=\"0\"><sv:value length=\"8\">homepage</sv:value></sv:property><sv:property sv:name=\"i18n:en-state\" sv:type=\"Long\" sv:multi-valued=\"0\"><sv:value length=\"1\">2</sv:value></sv:property><sv:property sv:name=\"i18n:en-published\" sv:type=\"Date\" sv:multi-valued=\"0\"><sv:value length=\"29\">2020-11-11T15:08:16.786+00:00</sv:value></sv:property><sv:property sv:name=\"i18n:en-creator\" sv:type=\"Long\" sv:multi-valued=\"0\"><sv:value length=\"1\">1</sv:value></sv:property><sv:property sv:name=\"i18n:en-changer\" sv:type=\"Long\" sv:multi-valued=\"0\"><sv:value length=\"1\">1</sv:value></sv:property><sv:property sv:name=\"i18n:en-authored\" sv:type=\"Date\" sv:multi-valued=\"0\"><sv:value length=\"29\">2020-11-11T15:08:16.691+00:00</sv:value></sv:property><sv:property sv:name=\"i18n:en-author\" sv:type=\"Long\" sv:multi-valued=\"0\"><sv:value length=\"1\">1</sv:value></sv:property><sv:property sv:name=\"i18n:en-created\" sv:type=\"Date\" sv:multi-valued=\"0\"><sv:value length=\"29\">2020-11-11T15:08:16.702+00:00</sv:value></sv:property><sv:property sv:name=\"i18n:en-changed\" sv:type=\"Date\" sv:multi-valued=\"0\"><sv:value length=\"29\">2020-11-11T15:08:16.702+00:00</sv:value></sv:property><sv:property sv:name=\"i18n:en-navContexts\" sv:type=\"String\" sv:multi-valued=\"1\"/><sv:property sv:name=\"i18n:en-nodeType\" sv:type=\"Long\" sv:multi-valued=\"0\"><sv:value length=\"1\">1</sv:value></sv:property><sv:property sv:name=\"sulu:order\" sv:type=\"Long\" sv:multi-valued=\"0\"><sv:value length=\"2\">20</sv:value></sv:property></sv:node>\n','<?xml version=\"1.0\" encoding=\"UTF-8\"?>\n<sv:node xmlns:mix=\"http://www.jcp.org/jcr/mix/1.0\" xmlns:nt=\"http://www.jcp.org/jcr/nt/1.0\" xmlns:xs=\"http://www.w3.org/2001/XMLSchema\" xmlns:jcr=\"http://www.jcp.org/jcr/1.0\" xmlns:sv=\"http://www.jcp.org/jcr/sv/1.0\" xmlns:rep=\"internal\"><sv:property sv:name=\"i18n:en-state\" sv:type=\"Long\" sv:multi-valued=\"0\"><sv:value length=\"1\">2</sv:value></sv:property><sv:property sv:name=\"i18n:en-creator\" sv:type=\"Long\" sv:multi-valued=\"0\"><sv:value length=\"1\">1</sv:value></sv:property><sv:property sv:name=\"i18n:en-changer\" sv:type=\"Long\" sv:multi-valued=\"0\"><sv:value length=\"1\">1</sv:value></sv:property><sv:property sv:name=\"i18n:en-author\" sv:type=\"Long\" sv:multi-valued=\"0\"><sv:value length=\"1\">1</sv:value></sv:property><sv:property sv:name=\"i18n:en-nodeType\" sv:type=\"Long\" sv:multi-valued=\"0\"><sv:value length=\"1\">1</sv:value></sv:property><sv:property sv:name=\"sulu:order\" sv:type=\"Long\" sv:multi-valued=\"0\"><sv:value length=\"2\">20</sv:value></sv:property></sv:node>\n',4,2),(38,'/cmf/example/routes/en/main-page','/cmf/example/routes/en','main-page','','default_live','246a2e85-33c5-458c-ac3d-6e7e5f01512a','nt:unstructured','<?xml version=\"1.0\" encoding=\"UTF-8\"?>\n<sv:node xmlns:mix=\"http://www.jcp.org/jcr/mix/1.0\" xmlns:nt=\"http://www.jcp.org/jcr/nt/1.0\" xmlns:xs=\"http://www.w3.org/2001/XMLSchema\" xmlns:jcr=\"http://www.jcp.org/jcr/1.0\" xmlns:sv=\"http://www.jcp.org/jcr/sv/1.0\" xmlns:rep=\"internal\"><sv:property sv:name=\"jcr:primaryType\" sv:type=\"Name\" sv:multi-valued=\"0\"><sv:value length=\"15\">nt:unstructured</sv:value></sv:property><sv:property sv:name=\"jcr:mixinTypes\" sv:type=\"Name\" sv:multi-valued=\"1\"><sv:value length=\"17\">mix:referenceable</sv:value><sv:value length=\"9\">sulu:path</sv:value></sv:property><sv:property sv:name=\"jcr:uuid\" sv:type=\"String\" sv:multi-valued=\"0\"><sv:value length=\"36\">246a2e85-33c5-458c-ac3d-6e7e5f01512a</sv:value></sv:property><sv:property sv:name=\"sulu:history\" sv:type=\"Boolean\" sv:multi-valued=\"0\"><sv:value length=\"0\">0</sv:value></sv:property><sv:property sv:name=\"sulu:created\" sv:type=\"Date\" sv:multi-valued=\"0\"><sv:value length=\"29\">2020-11-11T15:08:16.790+00:00</sv:value></sv:property><sv:property sv:name=\"sulu:changed\" sv:type=\"Date\" sv:multi-valued=\"0\"><sv:value length=\"29\">2020-11-11T15:08:16.790+00:00</sv:value></sv:property><sv:property sv:name=\"sulu:content\" sv:type=\"Reference\" sv:multi-valued=\"0\"><sv:value length=\"36\">4db05b25-e858-47fb-bab8-deda51df8ec1</sv:value></sv:property></sv:node>\n',NULL,5,2);
/*!40000 ALTER TABLE `phpcr_nodes` ENABLE KEYS */;
UNLOCK TABLES;

--
-- Table structure for table `phpcr_nodes_references`
--

DROP TABLE IF EXISTS `phpcr_nodes_references`;
/*!40101 SET @saved_cs_client     = @@character_set_client */;
/*!40101 SET character_set_client = utf8 */;
CREATE TABLE `phpcr_nodes_references` (
  `source_id` int(11) NOT NULL,
  `source_property_name` varchar(191) COLLATE utf8mb4_unicode_ci NOT NULL,
  `target_id` int(11) NOT NULL,
  PRIMARY KEY (`source_id`,`source_property_name`,`target_id`),
  KEY `IDX_F3BF7E1158E0B66` (`target_id`)
) ENGINE=InnoDB DEFAULT CHARSET=utf8mb4 COLLATE=utf8mb4_unicode_ci;
/*!40101 SET character_set_client = @saved_cs_client */;

--
-- Dumping data for table `phpcr_nodes_references`
--

LOCK TABLES `phpcr_nodes_references` WRITE;
/*!40000 ALTER TABLE `phpcr_nodes_references` DISABLE KEYS */;
INSERT INTO `phpcr_nodes_references` VALUES (7,'sulu:content',5),(12,'sulu:content',10),(36,'sulu:content',35),(38,'sulu:content',37);
/*!40000 ALTER TABLE `phpcr_nodes_references` ENABLE KEYS */;
UNLOCK TABLES;

--
-- Table structure for table `phpcr_nodes_weakreferences`
--

DROP TABLE IF EXISTS `phpcr_nodes_weakreferences`;
/*!40101 SET @saved_cs_client     = @@character_set_client */;
/*!40101 SET character_set_client = utf8 */;
CREATE TABLE `phpcr_nodes_weakreferences` (
  `source_id` int(11) NOT NULL,
  `source_property_name` varchar(191) COLLATE utf8mb4_unicode_ci NOT NULL,
  `target_id` int(11) NOT NULL,
  PRIMARY KEY (`source_id`,`source_property_name`,`target_id`),
  KEY `IDX_F0E4F6FA158E0B66` (`target_id`)
) ENGINE=InnoDB DEFAULT CHARSET=utf8mb4 COLLATE=utf8mb4_unicode_ci;
/*!40101 SET character_set_client = @saved_cs_client */;

--
-- Dumping data for table `phpcr_nodes_weakreferences`
--

LOCK TABLES `phpcr_nodes_weakreferences` WRITE;
/*!40000 ALTER TABLE `phpcr_nodes_weakreferences` DISABLE KEYS */;
/*!40000 ALTER TABLE `phpcr_nodes_weakreferences` ENABLE KEYS */;
UNLOCK TABLES;

--
-- Table structure for table `phpcr_type_childs`
--

DROP TABLE IF EXISTS `phpcr_type_childs`;
/*!40101 SET @saved_cs_client     = @@character_set_client */;
/*!40101 SET character_set_client = utf8 */;
CREATE TABLE `phpcr_type_childs` (
  `id` int(11) NOT NULL AUTO_INCREMENT,
  `node_type_id` int(11) NOT NULL,
  `name` varchar(255) COLLATE utf8mb4_unicode_ci NOT NULL,
  `protected` tinyint(1) NOT NULL,
  `auto_created` tinyint(1) NOT NULL,
  `mandatory` tinyint(1) NOT NULL,
  `on_parent_version` int(11) NOT NULL,
  `primary_types` varchar(255) COLLATE utf8mb4_unicode_ci NOT NULL,
  `default_type` varchar(255) COLLATE utf8mb4_unicode_ci DEFAULT NULL,
  PRIMARY KEY (`id`)
) ENGINE=InnoDB AUTO_INCREMENT=2 DEFAULT CHARSET=utf8mb4 COLLATE=utf8mb4_unicode_ci;
/*!40101 SET character_set_client = @saved_cs_client */;

--
-- Dumping data for table `phpcr_type_childs`
--

LOCK TABLES `phpcr_type_childs` WRITE;
/*!40000 ALTER TABLE `phpcr_type_childs` DISABLE KEYS */;
INSERT INTO `phpcr_type_childs` VALUES (1,10,'*',0,0,0,1,'phpcrmig:version',NULL);
/*!40000 ALTER TABLE `phpcr_type_childs` ENABLE KEYS */;
UNLOCK TABLES;

--
-- Table structure for table `phpcr_type_nodes`
--

DROP TABLE IF EXISTS `phpcr_type_nodes`;
/*!40101 SET @saved_cs_client     = @@character_set_client */;
/*!40101 SET character_set_client = utf8 */;
CREATE TABLE `phpcr_type_nodes` (
  `node_type_id` int(11) NOT NULL AUTO_INCREMENT,
  `name` varchar(191) COLLATE utf8mb4_unicode_ci NOT NULL,
  `supertypes` varchar(255) COLLATE utf8mb4_unicode_ci NOT NULL,
  `is_abstract` tinyint(1) NOT NULL,
  `is_mixin` tinyint(1) NOT NULL,
  `queryable` tinyint(1) NOT NULL,
  `orderable_child_nodes` tinyint(1) NOT NULL,
  `primary_item` varchar(255) COLLATE utf8mb4_unicode_ci DEFAULT NULL,
  PRIMARY KEY (`node_type_id`),
  UNIQUE KEY `UNIQ_34B0A8095E237E06` (`name`)
) ENGINE=InnoDB AUTO_INCREMENT=11 DEFAULT CHARSET=utf8mb4 COLLATE=utf8mb4_unicode_ci;
/*!40101 SET character_set_client = @saved_cs_client */;

--
-- Dumping data for table `phpcr_type_nodes`
--

LOCK TABLES `phpcr_type_nodes` WRITE;
/*!40000 ALTER TABLE `phpcr_type_nodes` DISABLE KEYS */;
INSERT INTO `phpcr_type_nodes` VALUES (1,'sulu:base','mix:referenceable',1,1,0,0,NULL),(2,'sulu:path','sulu:base',0,1,0,0,NULL),(3,'sulu:content','sulu:base',0,1,0,0,NULL),(4,'sulu:snippet','sulu:content',0,1,0,0,NULL),(5,'sulu:page','sulu:content',0,1,0,0,NULL),(6,'sulu:home','sulu:content',0,1,0,0,NULL),(7,'sulu:custom_url','sulu:base',0,1,0,0,NULL),(8,'sulu:custom_url_route','sulu:base',0,1,0,0,NULL),(9,'phpcrmig:version','nt:base mix:created',0,0,1,0,NULL),(10,'phpcrmig:versions','nt:base',0,0,1,0,NULL);
/*!40000 ALTER TABLE `phpcr_type_nodes` ENABLE KEYS */;
UNLOCK TABLES;

--
-- Table structure for table `phpcr_type_props`
--

DROP TABLE IF EXISTS `phpcr_type_props`;
/*!40101 SET @saved_cs_client     = @@character_set_client */;
/*!40101 SET character_set_client = utf8 */;
CREATE TABLE `phpcr_type_props` (
  `node_type_id` int(11) NOT NULL,
  `name` varchar(191) COLLATE utf8mb4_unicode_ci NOT NULL,
  `protected` tinyint(1) NOT NULL,
  `auto_created` tinyint(1) NOT NULL,
  `mandatory` tinyint(1) NOT NULL,
  `on_parent_version` int(11) NOT NULL,
  `multiple` tinyint(1) NOT NULL,
  `fulltext_searchable` tinyint(1) NOT NULL,
  `query_orderable` tinyint(1) NOT NULL,
  `required_type` int(11) NOT NULL,
  `query_operators` int(11) NOT NULL,
  `default_value` varchar(255) COLLATE utf8mb4_unicode_ci DEFAULT NULL,
  PRIMARY KEY (`node_type_id`,`name`)
) ENGINE=InnoDB DEFAULT CHARSET=utf8mb4 COLLATE=utf8mb4_unicode_ci;
/*!40101 SET character_set_client = @saved_cs_client */;

--
-- Dumping data for table `phpcr_type_props`
--

LOCK TABLES `phpcr_type_props` WRITE;
/*!40000 ALTER TABLE `phpcr_type_props` DISABLE KEYS */;
INSERT INTO `phpcr_type_props` VALUES (2,'sulu:content',0,0,1,1,0,0,0,9,0,NULL),(2,'sulu:history',0,1,1,1,0,0,0,6,0,'');
/*!40000 ALTER TABLE `phpcr_type_props` ENABLE KEYS */;
UNLOCK TABLES;

--
-- Table structure for table `phpcr_workspaces`
--

DROP TABLE IF EXISTS `phpcr_workspaces`;
/*!40101 SET @saved_cs_client     = @@character_set_client */;
/*!40101 SET character_set_client = utf8 */;
CREATE TABLE `phpcr_workspaces` (
  `name` varchar(191) COLLATE utf8mb4_unicode_ci NOT NULL,
  PRIMARY KEY (`name`)
) ENGINE=InnoDB DEFAULT CHARSET=utf8mb4 COLLATE=utf8mb4_unicode_ci;
/*!40101 SET character_set_client = @saved_cs_client */;

--
-- Dumping data for table `phpcr_workspaces`
--

LOCK TABLES `phpcr_workspaces` WRITE;
/*!40000 ALTER TABLE `phpcr_workspaces` DISABLE KEYS */;
INSERT INTO `phpcr_workspaces` VALUES ('default'),('default_live');
/*!40000 ALTER TABLE `phpcr_workspaces` ENABLE KEYS */;
UNLOCK TABLES;

--
-- Table structure for table `post`
--

DROP TABLE IF EXISTS `post`;
/*!40101 SET @saved_cs_client     = @@character_set_client */;
/*!40101 SET character_set_client = utf8 */;
CREATE TABLE `post` (
  `id` int(11) NOT NULL AUTO_INCREMENT,
  `name` varchar(255) COLLATE utf8mb4_unicode_ci NOT NULL,
  `content` varchar(255) COLLATE utf8mb4_unicode_ci NOT NULL,
  PRIMARY KEY (`id`)
) ENGINE=InnoDB DEFAULT CHARSET=utf8mb4 COLLATE=utf8mb4_unicode_ci;
/*!40101 SET character_set_client = @saved_cs_client */;

--
-- Dumping data for table `post`
--

LOCK TABLES `post` WRITE;
/*!40000 ALTER TABLE `post` DISABLE KEYS */;
/*!40000 ALTER TABLE `post` ENABLE KEYS */;
UNLOCK TABLES;

--
-- Table structure for table `ro_routes`
--

DROP TABLE IF EXISTS `ro_routes`;
/*!40101 SET @saved_cs_client     = @@character_set_client */;
/*!40101 SET character_set_client = utf8 */;
CREATE TABLE `ro_routes` (
  `id` int(11) NOT NULL AUTO_INCREMENT,
  `target_id` int(11) DEFAULT NULL,
  `path` varchar(191) COLLATE utf8mb4_unicode_ci NOT NULL,
  `locale` varchar(8) COLLATE utf8mb4_unicode_ci NOT NULL,
  `entity_class` varchar(191) COLLATE utf8mb4_unicode_ci NOT NULL,
  `entity_id` varchar(191) COLLATE utf8mb4_unicode_ci NOT NULL,
  `history` tinyint(1) NOT NULL,
  `created` datetime NOT NULL,
  `changed` datetime NOT NULL,
  `idUsersCreator` int(11) DEFAULT NULL,
  `idUsersChanger` int(11) DEFAULT NULL,
  PRIMARY KEY (`id`),
  UNIQUE KEY `UNIQ_671DB7A4B548B0F4180C698` (`path`,`locale`),
  KEY `IDX_671DB7A4158E0B66` (`target_id`),
  KEY `IDX_671DB7A4DBF11E1D` (`idUsersCreator`),
  KEY `IDX_671DB7A430D07CD5` (`idUsersChanger`),
  KEY `IDX_671DB7A4B548B0F` (`path`),
  KEY `IDX_671DB7A44180C698` (`locale`),
  CONSTRAINT `FK_671DB7A4158E0B66` FOREIGN KEY (`target_id`) REFERENCES `ro_routes` (`id`),
  CONSTRAINT `FK_671DB7A430D07CD5` FOREIGN KEY (`idUsersChanger`) REFERENCES `se_users` (`id`) ON DELETE SET NULL,
  CONSTRAINT `FK_671DB7A4DBF11E1D` FOREIGN KEY (`idUsersCreator`) REFERENCES `se_users` (`id`) ON DELETE SET NULL
) ENGINE=InnoDB DEFAULT CHARSET=utf8mb4 COLLATE=utf8mb4_unicode_ci;
/*!40101 SET character_set_client = @saved_cs_client */;

--
-- Dumping data for table `ro_routes`
--

LOCK TABLES `ro_routes` WRITE;
/*!40000 ALTER TABLE `ro_routes` DISABLE KEYS */;
/*!40000 ALTER TABLE `ro_routes` ENABLE KEYS */;
UNLOCK TABLES;

--
-- Table structure for table `se_access_controls`
--

DROP TABLE IF EXISTS `se_access_controls`;
/*!40101 SET @saved_cs_client     = @@character_set_client */;
/*!40101 SET character_set_client = utf8 */;
CREATE TABLE `se_access_controls` (
  `id` int(11) NOT NULL AUTO_INCREMENT,
  `permissions` smallint(6) NOT NULL,
  `entityId` int(11) NOT NULL,
  `entityClass` varchar(191) COLLATE utf8mb4_unicode_ci NOT NULL,
  `idRoles` int(11) NOT NULL,
  PRIMARY KEY (`id`),
  KEY `IDX_C526DC52A1FA6DDA` (`idRoles`),
  KEY `IDX_C526DC52F62829FC` (`entityId`),
  KEY `IDX_C526DC523963FFAB` (`entityClass`),
  CONSTRAINT `FK_C526DC52A1FA6DDA` FOREIGN KEY (`idRoles`) REFERENCES `se_roles` (`id`) ON DELETE CASCADE
) ENGINE=InnoDB DEFAULT CHARSET=utf8mb4 COLLATE=utf8mb4_unicode_ci;
/*!40101 SET character_set_client = @saved_cs_client */;

--
-- Dumping data for table `se_access_controls`
--

LOCK TABLES `se_access_controls` WRITE;
/*!40000 ALTER TABLE `se_access_controls` DISABLE KEYS */;
/*!40000 ALTER TABLE `se_access_controls` ENABLE KEYS */;
UNLOCK TABLES;

--
-- Table structure for table `se_group_roles`
--

DROP TABLE IF EXISTS `se_group_roles`;
/*!40101 SET @saved_cs_client     = @@character_set_client */;
/*!40101 SET character_set_client = utf8 */;
CREATE TABLE `se_group_roles` (
  `idGroups` int(11) NOT NULL,
  `idRoles` int(11) NOT NULL,
  PRIMARY KEY (`idGroups`,`idRoles`),
  KEY `IDX_9713F725937C91EA` (`idGroups`),
  KEY `IDX_9713F725A1FA6DDA` (`idRoles`),
  CONSTRAINT `FK_9713F725937C91EA` FOREIGN KEY (`idGroups`) REFERENCES `se_groups` (`id`),
  CONSTRAINT `FK_9713F725A1FA6DDA` FOREIGN KEY (`idRoles`) REFERENCES `se_roles` (`id`)
) ENGINE=InnoDB DEFAULT CHARSET=utf8mb4 COLLATE=utf8mb4_unicode_ci;
/*!40101 SET character_set_client = @saved_cs_client */;

--
-- Dumping data for table `se_group_roles`
--

LOCK TABLES `se_group_roles` WRITE;
/*!40000 ALTER TABLE `se_group_roles` DISABLE KEYS */;
/*!40000 ALTER TABLE `se_group_roles` ENABLE KEYS */;
UNLOCK TABLES;

--
-- Table structure for table `se_groups`
--

DROP TABLE IF EXISTS `se_groups`;
/*!40101 SET @saved_cs_client     = @@character_set_client */;
/*!40101 SET character_set_client = utf8 */;
CREATE TABLE `se_groups` (
  `id` int(11) NOT NULL AUTO_INCREMENT,
  `lft` int(11) NOT NULL,
  `rgt` int(11) NOT NULL,
  `depth` int(11) NOT NULL,
  `name` varchar(60) COLLATE utf8mb4_unicode_ci NOT NULL,
  `created` datetime NOT NULL,
  `changed` datetime NOT NULL,
  `idGroupsParent` int(11) DEFAULT NULL,
  `idUsersCreator` int(11) DEFAULT NULL,
  `idUsersChanger` int(11) DEFAULT NULL,
  PRIMARY KEY (`id`),
  KEY `IDX_231E44ECBF274AB0` (`idGroupsParent`),
  KEY `IDX_231E44ECDBF11E1D` (`idUsersCreator`),
  KEY `IDX_231E44EC30D07CD5` (`idUsersChanger`),
  CONSTRAINT `FK_231E44EC30D07CD5` FOREIGN KEY (`idUsersChanger`) REFERENCES `se_users` (`id`) ON DELETE SET NULL,
  CONSTRAINT `FK_231E44ECBF274AB0` FOREIGN KEY (`idGroupsParent`) REFERENCES `se_groups` (`id`),
  CONSTRAINT `FK_231E44ECDBF11E1D` FOREIGN KEY (`idUsersCreator`) REFERENCES `se_users` (`id`) ON DELETE SET NULL
) ENGINE=InnoDB DEFAULT CHARSET=utf8mb4 COLLATE=utf8mb4_unicode_ci;
/*!40101 SET character_set_client = @saved_cs_client */;

--
-- Dumping data for table `se_groups`
--

LOCK TABLES `se_groups` WRITE;
/*!40000 ALTER TABLE `se_groups` DISABLE KEYS */;
/*!40000 ALTER TABLE `se_groups` ENABLE KEYS */;
UNLOCK TABLES;

--
-- Table structure for table `se_permissions`
--

DROP TABLE IF EXISTS `se_permissions`;
/*!40101 SET @saved_cs_client     = @@character_set_client */;
/*!40101 SET character_set_client = utf8 */;
CREATE TABLE `se_permissions` (
  `id` int(11) NOT NULL AUTO_INCREMENT,
  `context` varchar(191) COLLATE utf8mb4_unicode_ci NOT NULL,
  `module` varchar(60) COLLATE utf8mb4_unicode_ci DEFAULT NULL,
  `permissions` smallint(6) NOT NULL,
  `idRoles` int(11) DEFAULT NULL,
  PRIMARY KEY (`id`),
  UNIQUE KEY `UNIQ_5CEC3EEAE25D857EC242628A1FA6DDA` (`context`,`module`,`idRoles`),
  KEY `IDX_5CEC3EEAA1FA6DDA` (`idRoles`),
  CONSTRAINT `FK_5CEC3EEAA1FA6DDA` FOREIGN KEY (`idRoles`) REFERENCES `se_roles` (`id`) ON DELETE CASCADE
) ENGINE=InnoDB AUTO_INCREMENT=15 DEFAULT CHARSET=utf8mb4 COLLATE=utf8mb4_unicode_ci;
/*!40101 SET character_set_client = @saved_cs_client */;

--
-- Dumping data for table `se_permissions`
--

LOCK TABLES `se_permissions` WRITE;
/*!40000 ALTER TABLE `se_permissions` DISABLE KEYS */;
INSERT INTO `se_permissions` VALUES (1,'sulu.contact.people',NULL,127,1),(2,'sulu.contact.organizations',NULL,127,1),(3,'sulu.media.collections',NULL,127,1),(4,'sulu.media.system_collections',NULL,127,1),(5,'sulu.settings.categories',NULL,127,1),(6,'sulu.settings.tags',NULL,127,1),(7,'sulu.global.snippets',NULL,127,1),(8,'sulu.webspaces.example.default-snippets',NULL,127,1),(9,'sulu.webspaces.example',NULL,127,1),(10,'sulu.webspaces.example.analytics',NULL,127,1),(11,'sulu.webspaces.example.custom-urls',NULL,127,1),(12,'sulu.security.roles',NULL,127,1),(13,'sulu.security.groups',NULL,127,1),(14,'sulu.security.users',NULL,127,1);
/*!40000 ALTER TABLE `se_permissions` ENABLE KEYS */;
UNLOCK TABLES;

--
-- Table structure for table `se_role_settings`
--

DROP TABLE IF EXISTS `se_role_settings`;
/*!40101 SET @saved_cs_client     = @@character_set_client */;
/*!40101 SET character_set_client = utf8 */;
CREATE TABLE `se_role_settings` (
  `id` int(11) NOT NULL AUTO_INCREMENT,
  `settingKey` varchar(191) COLLATE utf8mb4_unicode_ci NOT NULL,
  `value` longtext CHARACTER SET utf8mb4 COLLATE utf8mb4_bin NOT NULL COMMENT '(DC2Type:json_array)' CHECK (json_valid(`value`)),
  `roleId` int(11) DEFAULT NULL,
  PRIMARY KEY (`id`),
  UNIQUE KEY `UNIQ_DAD1C8CB3AA9950BB8C2FD88` (`settingKey`,`roleId`),
  KEY `IDX_DAD1C8CBB8C2FD88` (`roleId`),
  KEY `IDX_DAD1C8CB3AA9950B` (`settingKey`),
  CONSTRAINT `FK_DAD1C8CBB8C2FD88` FOREIGN KEY (`roleId`) REFERENCES `se_roles` (`id`) ON DELETE CASCADE
) ENGINE=InnoDB DEFAULT CHARSET=utf8mb4 COLLATE=utf8mb4_unicode_ci;
/*!40101 SET character_set_client = @saved_cs_client */;

--
-- Dumping data for table `se_role_settings`
--

LOCK TABLES `se_role_settings` WRITE;
/*!40000 ALTER TABLE `se_role_settings` DISABLE KEYS */;
/*!40000 ALTER TABLE `se_role_settings` ENABLE KEYS */;
UNLOCK TABLES;

--
-- Table structure for table `se_roles`
--

DROP TABLE IF EXISTS `se_roles`;
/*!40101 SET @saved_cs_client     = @@character_set_client */;
/*!40101 SET character_set_client = utf8 */;
CREATE TABLE `se_roles` (
  `id` int(11) NOT NULL AUTO_INCREMENT,
  `name` varchar(60) COLLATE utf8mb4_unicode_ci NOT NULL,
  `role_key` varchar(60) COLLATE utf8mb4_unicode_ci DEFAULT NULL,
  `securitySystem` varchar(60) COLLATE utf8mb4_unicode_ci NOT NULL,
  `anonymous` tinyint(1) NOT NULL,
  `created` datetime NOT NULL,
  `changed` datetime NOT NULL,
  `idSecurityTypes` int(11) DEFAULT NULL,
  `idUsersCreator` int(11) DEFAULT NULL,
  `idUsersChanger` int(11) DEFAULT NULL,
  PRIMARY KEY (`id`),
  UNIQUE KEY `UNIQ_13B749A05E237E06` (`name`),
  UNIQUE KEY `UNIQ_13B749A03EF22FDB` (`role_key`),
  KEY `IDX_13B749A0D02106C0` (`idSecurityTypes`),
  KEY `IDX_13B749A0DBF11E1D` (`idUsersCreator`),
  KEY `IDX_13B749A030D07CD5` (`idUsersChanger`),
  CONSTRAINT `FK_13B749A030D07CD5` FOREIGN KEY (`idUsersChanger`) REFERENCES `se_users` (`id`) ON DELETE SET NULL,
  CONSTRAINT `FK_13B749A0D02106C0` FOREIGN KEY (`idSecurityTypes`) REFERENCES `se_security_types` (`id`) ON DELETE SET NULL,
  CONSTRAINT `FK_13B749A0DBF11E1D` FOREIGN KEY (`idUsersCreator`) REFERENCES `se_users` (`id`) ON DELETE SET NULL
) ENGINE=InnoDB AUTO_INCREMENT=2 DEFAULT CHARSET=utf8mb4 COLLATE=utf8mb4_unicode_ci;
/*!40101 SET character_set_client = @saved_cs_client */;

--
-- Dumping data for table `se_roles`
--

LOCK TABLES `se_roles` WRITE;
/*!40000 ALTER TABLE `se_roles` DISABLE KEYS */;
INSERT INTO `se_roles` VALUES (1,'User',NULL,'Sulu',0,'2020-11-11 13:05:08','2020-11-11 13:05:08',NULL,NULL,NULL);
/*!40000 ALTER TABLE `se_roles` ENABLE KEYS */;
UNLOCK TABLES;

--
-- Table structure for table `se_security_types`
--

DROP TABLE IF EXISTS `se_security_types`;
/*!40101 SET @saved_cs_client     = @@character_set_client */;
/*!40101 SET character_set_client = utf8 */;
CREATE TABLE `se_security_types` (
  `id` int(11) NOT NULL AUTO_INCREMENT,
  `name` varchar(60) COLLATE utf8mb4_unicode_ci NOT NULL,
  PRIMARY KEY (`id`)
) ENGINE=InnoDB DEFAULT CHARSET=utf8mb4 COLLATE=utf8mb4_unicode_ci;
/*!40101 SET character_set_client = @saved_cs_client */;

--
-- Dumping data for table `se_security_types`
--

LOCK TABLES `se_security_types` WRITE;
/*!40000 ALTER TABLE `se_security_types` DISABLE KEYS */;
/*!40000 ALTER TABLE `se_security_types` ENABLE KEYS */;
UNLOCK TABLES;

--
-- Table structure for table `se_user_groups`
--

DROP TABLE IF EXISTS `se_user_groups`;
/*!40101 SET @saved_cs_client     = @@character_set_client */;
/*!40101 SET character_set_client = utf8 */;
CREATE TABLE `se_user_groups` (
  `id` int(11) NOT NULL AUTO_INCREMENT,
  `locale` longtext COLLATE utf8mb4_unicode_ci NOT NULL,
  `idGroups` int(11) DEFAULT NULL,
  `idUsers` int(11) DEFAULT NULL,
  PRIMARY KEY (`id`),
  KEY `IDX_E43ED0C8937C91EA` (`idGroups`),
  KEY `IDX_E43ED0C8347E6F4` (`idUsers`),
  CONSTRAINT `FK_E43ED0C8347E6F4` FOREIGN KEY (`idUsers`) REFERENCES `se_users` (`id`) ON DELETE CASCADE,
  CONSTRAINT `FK_E43ED0C8937C91EA` FOREIGN KEY (`idGroups`) REFERENCES `se_groups` (`id`) ON DELETE CASCADE
) ENGINE=InnoDB DEFAULT CHARSET=utf8mb4 COLLATE=utf8mb4_unicode_ci;
/*!40101 SET character_set_client = @saved_cs_client */;

--
-- Dumping data for table `se_user_groups`
--

LOCK TABLES `se_user_groups` WRITE;
/*!40000 ALTER TABLE `se_user_groups` DISABLE KEYS */;
/*!40000 ALTER TABLE `se_user_groups` ENABLE KEYS */;
UNLOCK TABLES;

--
-- Table structure for table `se_user_roles`
--

DROP TABLE IF EXISTS `se_user_roles`;
/*!40101 SET @saved_cs_client     = @@character_set_client */;
/*!40101 SET character_set_client = utf8 */;
CREATE TABLE `se_user_roles` (
  `id` int(11) NOT NULL AUTO_INCREMENT,
  `locale` longtext COLLATE utf8mb4_unicode_ci NOT NULL,
  `idUsers` int(11) DEFAULT NULL,
  `idRoles` int(11) DEFAULT NULL,
  PRIMARY KEY (`id`),
  KEY `IDX_E48BD9DB347E6F4` (`idUsers`),
  KEY `IDX_E48BD9DBA1FA6DDA` (`idRoles`),
  CONSTRAINT `FK_E48BD9DB347E6F4` FOREIGN KEY (`idUsers`) REFERENCES `se_users` (`id`) ON DELETE CASCADE,
  CONSTRAINT `FK_E48BD9DBA1FA6DDA` FOREIGN KEY (`idRoles`) REFERENCES `se_roles` (`id`) ON DELETE CASCADE
) ENGINE=InnoDB AUTO_INCREMENT=2 DEFAULT CHARSET=utf8mb4 COLLATE=utf8mb4_unicode_ci;
/*!40101 SET character_set_client = @saved_cs_client */;

--
-- Dumping data for table `se_user_roles`
--

LOCK TABLES `se_user_roles` WRITE;
/*!40000 ALTER TABLE `se_user_roles` DISABLE KEYS */;
INSERT INTO `se_user_roles` VALUES (1,'[\"en\"]',1,1);
/*!40000 ALTER TABLE `se_user_roles` ENABLE KEYS */;
UNLOCK TABLES;

--
-- Table structure for table `se_user_settings`
--

DROP TABLE IF EXISTS `se_user_settings`;
/*!40101 SET @saved_cs_client     = @@character_set_client */;
/*!40101 SET character_set_client = utf8 */;
CREATE TABLE `se_user_settings` (
  `settingsValue` longtext COLLATE utf8mb4_unicode_ci NOT NULL,
  `settingsKey` varchar(150) COLLATE utf8mb4_unicode_ci NOT NULL,
  `idUsers` int(11) NOT NULL,
  PRIMARY KEY (`settingsKey`,`idUsers`),
  KEY `IDX_108FCAFA347E6F4` (`idUsers`),
  CONSTRAINT `FK_108FCAFA347E6F4` FOREIGN KEY (`idUsers`) REFERENCES `se_users` (`id`) ON DELETE CASCADE
) ENGINE=InnoDB DEFAULT CHARSET=utf8mb4 COLLATE=utf8mb4_unicode_ci;
/*!40101 SET character_set_client = @saved_cs_client */;

--
-- Dumping data for table `se_user_settings`
--

LOCK TABLES `se_user_settings` WRITE;
/*!40000 ALTER TABLE `se_user_settings` DISABLE KEYS */;
INSERT INTO `se_user_settings` VALUES ('\"en\"','sulu_admin.content_locale',1),('\"title\"','sulu_admin.list_store.collections.media_overview.sort_column',1),('\"asc\"','sulu_admin.list_store.collections.media_overview.sort_order',1),('[]','sulu_admin.list_store.contacts.list.filter',1),('[]','sulu_admin.list_store.media.media_overview.filter',1),('\"4db05b25-e858-47fb-bab8-deda51df8ec1\"','sulu_admin.list_store.pages.page_list_example.active',1),('[]','sulu_admin.list_store.roles.list.filter',1),('[]','sulu_admin.list_store.snippets.list.filter',1),('\"example\"','sulu_page.webspace_tabs.webspace',1);
/*!40000 ALTER TABLE `se_user_settings` ENABLE KEYS */;
UNLOCK TABLES;

--
-- Table structure for table `se_users`
--

DROP TABLE IF EXISTS `se_users`;
/*!40101 SET @saved_cs_client     = @@character_set_client */;
/*!40101 SET character_set_client = utf8 */;
CREATE TABLE `se_users` (
  `id` int(11) NOT NULL AUTO_INCREMENT,
  `username` varchar(60) COLLATE utf8mb4_unicode_ci NOT NULL,
  `password` varchar(128) COLLATE utf8mb4_unicode_ci NOT NULL,
  `locale` varchar(60) COLLATE utf8mb4_unicode_ci NOT NULL,
  `salt` varchar(60) COLLATE utf8mb4_unicode_ci NOT NULL,
  `locked` tinyint(1) NOT NULL DEFAULT 0,
  `enabled` tinyint(1) NOT NULL DEFAULT 1,
  `lastLogin` datetime DEFAULT NULL,
  `confirmationKey` varchar(128) COLLATE utf8mb4_unicode_ci DEFAULT NULL,
  `passwordResetToken` varchar(80) COLLATE utf8mb4_unicode_ci DEFAULT NULL,
  `passwordResetTokenExpiresAt` datetime DEFAULT NULL,
  `passwordResetTokenEmailsSent` int(11) DEFAULT 0,
  `privateKey` varchar(2000) COLLATE utf8mb4_unicode_ci DEFAULT NULL,
  `apiKey` char(36) COLLATE utf8mb4_unicode_ci DEFAULT NULL COMMENT '(DC2Type:guid)',
  `email` varchar(191) COLLATE utf8mb4_unicode_ci DEFAULT NULL,
  `idContacts` int(11) NOT NULL,
  PRIMARY KEY (`id`),
  UNIQUE KEY `UNIQ_B10AC28EF85E0677` (`username`),
  UNIQUE KEY `UNIQ_B10AC28E60E33F28` (`idContacts`),
  UNIQUE KEY `UNIQ_B10AC28EADC1CD13` (`passwordResetToken`),
  UNIQUE KEY `UNIQ_B10AC28EE7927C74` (`email`),
  CONSTRAINT `FK_B10AC28E60E33F28` FOREIGN KEY (`idContacts`) REFERENCES `co_contacts` (`id`) ON DELETE CASCADE
) ENGINE=InnoDB AUTO_INCREMENT=2 DEFAULT CHARSET=utf8mb4 COLLATE=utf8mb4_unicode_ci;
/*!40101 SET character_set_client = @saved_cs_client */;

--
-- Dumping data for table `se_users`
--

LOCK TABLES `se_users` WRITE;
/*!40000 ALTER TABLE `se_users` DISABLE KEYS */;
INSERT INTO `se_users` VALUES (1,'admin','$2y$13$3zx1pP/TyceEV6uUfp8rJ.KbhjpOqyEPjJ7uQZYGaXPY0k4yII7Vi','en','muWu7d6/moV3WgbL1KtbVwO5AFTCGt261n4QD7DHa0g=',0,1,'2020-11-22 16:24:20',NULL,NULL,NULL,NULL,NULL,'5ea47a7c7511b2ac8aba0e5032b9feb0','admin@example.com',1);
/*!40000 ALTER TABLE `se_users` ENABLE KEYS */;
UNLOCK TABLES;

--
-- Table structure for table `ta_tags`
--

DROP TABLE IF EXISTS `ta_tags`;
/*!40101 SET @saved_cs_client     = @@character_set_client */;
/*!40101 SET character_set_client = utf8 */;
CREATE TABLE `ta_tags` (
  `id` int(11) NOT NULL AUTO_INCREMENT,
  `name` varchar(191) COLLATE utf8mb4_unicode_ci NOT NULL,
  `created` datetime NOT NULL,
  `changed` datetime NOT NULL,
  `idUsersCreator` int(11) DEFAULT NULL,
  `idUsersChanger` int(11) DEFAULT NULL,
  PRIMARY KEY (`id`),
  UNIQUE KEY `UNIQ_B258E4995E237E06` (`name`),
  KEY `IDX_B258E499DBF11E1D` (`idUsersCreator`),
  KEY `IDX_B258E49930D07CD5` (`idUsersChanger`),
  CONSTRAINT `FK_B258E49930D07CD5` FOREIGN KEY (`idUsersChanger`) REFERENCES `se_users` (`id`) ON DELETE SET NULL,
  CONSTRAINT `FK_B258E499DBF11E1D` FOREIGN KEY (`idUsersCreator`) REFERENCES `se_users` (`id`) ON DELETE SET NULL
) ENGINE=InnoDB DEFAULT CHARSET=utf8mb4 COLLATE=utf8mb4_unicode_ci;
/*!40101 SET character_set_client = @saved_cs_client */;

--
-- Dumping data for table `ta_tags`
--

LOCK TABLES `ta_tags` WRITE;
/*!40000 ALTER TABLE `ta_tags` DISABLE KEYS */;
/*!40000 ALTER TABLE `ta_tags` ENABLE KEYS */;
UNLOCK TABLES;

--
-- Table structure for table `we_analytics`
--

DROP TABLE IF EXISTS `we_analytics`;
/*!40101 SET @saved_cs_client     = @@character_set_client */;
/*!40101 SET character_set_client = utf8 */;
CREATE TABLE `we_analytics` (
  `id` int(11) NOT NULL AUTO_INCREMENT,
  `title` varchar(255) COLLATE utf8mb4_unicode_ci NOT NULL,
  `webspace_key` varchar(191) COLLATE utf8mb4_unicode_ci NOT NULL,
  `all_domains` tinyint(1) NOT NULL,
  `content` longtext CHARACTER SET utf8mb4 COLLATE utf8mb4_bin NOT NULL COMMENT '(DC2Type:json_array)' CHECK (json_valid(`content`)),
  `type` varchar(60) COLLATE utf8mb4_unicode_ci NOT NULL,
  PRIMARY KEY (`id`),
  KEY `IDX_4E50BB8D1640EFD3` (`all_domains`),
  KEY `IDX_4E50BB8DAE248174` (`webspace_key`)
) ENGINE=InnoDB DEFAULT CHARSET=utf8mb4 COLLATE=utf8mb4_unicode_ci;
/*!40101 SET character_set_client = @saved_cs_client */;

--
-- Dumping data for table `we_analytics`
--

LOCK TABLES `we_analytics` WRITE;
/*!40000 ALTER TABLE `we_analytics` DISABLE KEYS */;
/*!40000 ALTER TABLE `we_analytics` ENABLE KEYS */;
UNLOCK TABLES;

--
-- Table structure for table `we_analytics_domains`
--

DROP TABLE IF EXISTS `we_analytics_domains`;
/*!40101 SET @saved_cs_client     = @@character_set_client */;
/*!40101 SET character_set_client = utf8 */;
CREATE TABLE `we_analytics_domains` (
  `analytics` int(11) NOT NULL,
  `domain` int(11) NOT NULL,
  PRIMARY KEY (`analytics`,`domain`),
  KEY `IDX_F9323B6EEAC2E688` (`analytics`),
  KEY `IDX_F9323B6EA7A91E0B` (`domain`),
  CONSTRAINT `FK_F9323B6EA7A91E0B` FOREIGN KEY (`domain`) REFERENCES `we_domains` (`id`),
  CONSTRAINT `FK_F9323B6EEAC2E688` FOREIGN KEY (`analytics`) REFERENCES `we_analytics` (`id`)
) ENGINE=InnoDB DEFAULT CHARSET=utf8mb4 COLLATE=utf8mb4_unicode_ci;
/*!40101 SET character_set_client = @saved_cs_client */;

--
-- Dumping data for table `we_analytics_domains`
--

LOCK TABLES `we_analytics_domains` WRITE;
/*!40000 ALTER TABLE `we_analytics_domains` DISABLE KEYS */;
/*!40000 ALTER TABLE `we_analytics_domains` ENABLE KEYS */;
UNLOCK TABLES;

--
-- Table structure for table `we_domains`
--

DROP TABLE IF EXISTS `we_domains`;
/*!40101 SET @saved_cs_client     = @@character_set_client */;
/*!40101 SET character_set_client = utf8 */;
CREATE TABLE `we_domains` (
  `id` int(11) NOT NULL AUTO_INCREMENT,
  `url` varchar(191) COLLATE utf8mb4_unicode_ci NOT NULL,
  `environment` varchar(10) COLLATE utf8mb4_unicode_ci NOT NULL,
  PRIMARY KEY (`id`),
  KEY `IDX_7CFAB3F5F47645AE` (`url`),
  KEY `IDX_7CFAB3F54626DE22` (`environment`)
) ENGINE=InnoDB DEFAULT CHARSET=utf8mb4 COLLATE=utf8mb4_unicode_ci;
/*!40101 SET character_set_client = @saved_cs_client */;

--
-- Dumping data for table `we_domains`
--

LOCK TABLES `we_domains` WRITE;
/*!40000 ALTER TABLE `we_domains` DISABLE KEYS */;
/*!40000 ALTER TABLE `we_domains` ENABLE KEYS */;
UNLOCK TABLES;
/*!40103 SET TIME_ZONE=@OLD_TIME_ZONE */;

/*!40101 SET SQL_MODE=@OLD_SQL_MODE */;
/*!40014 SET FOREIGN_KEY_CHECKS=@OLD_FOREIGN_KEY_CHECKS */;
/*!40014 SET UNIQUE_CHECKS=@OLD_UNIQUE_CHECKS */;
/*!40101 SET CHARACTER_SET_CLIENT=@OLD_CHARACTER_SET_CLIENT */;
/*!40101 SET CHARACTER_SET_RESULTS=@OLD_CHARACTER_SET_RESULTS */;
/*!40101 SET COLLATION_CONNECTION=@OLD_COLLATION_CONNECTION */;
/*!40111 SET SQL_NOTES=@OLD_SQL_NOTES */;

-- Dump completed on 2020-12-26 10:11:25
